protocol,fold_id,model,feature_group,normalisation,seed,n_train,n_test,n_features,accuracy,balanced_accuracy,macro_f1,weighted_f1,top2_accuracy,ci_low,ci_high,n_params,size_bytes,fit_seconds,held_out
random,rep0,random_forest,full,body_centred,0,77,24,1662,1.0,1.0,1.0,1.0,1.0,0.8620194241710247,1.0,2174,305889,0.3973654001019895,(none)
random,rep0,random_forest,full,body_centred,1,77,24,1662,1.0,1.0,1.0,1.0,1.0,0.8620194241710247,1.0,2186,307050,0.4126492999494076,(none)
random,rep0,random_forest,full,body_centred,2,77,24,1662,1.0,1.0,1.0,1.0,1.0,0.8620194241710247,1.0,2170,305491,0.4167967999819666,(none)
random,rep0,svm_rbf,full,body_centred,0,77,24,1662,1.0,1.0,1.0,1.0,1.0,0.8620194241710247,1.0,-1,2768812,0.08008109987713397,(none)
random,rep0,svm_rbf,full,body_centred,1,77,24,1662,1.0,1.0,1.0,1.0,1.0,0.8620194241710247,1.0,-1,2768812,0.07798669999465346,(none)
random,rep0,svm_rbf,full,body_centred,2,77,24,1662,1.0,1.0,1.0,1.0,1.0,0.8620194241710247,1.0,-1,2768812,0.07761229993775487,(none)
random,rep0,logreg,full,body_centred,0,77,24,1662,1.0,1.0,1.0,1.0,1.0,0.8620194241710247,1.0,26596,267085,0.1077154001686722,(none)
random,rep0,logreg,full,body_centred,1,77,24,1662,1.0,1.0,1.0,1.0,1.0,0.8620194241710247,1.0,26596,267085,0.10748809995129704,(none)
random,rep0,logreg,full,body_centred,2,77,24,1662,1.0,1.0,1.0,1.0,1.0,0.8620194241710247,1.0,26596,267085,0.10963000007905066,(none)
random,rep0,random_forest,pose_hands,body_centred,0,77,24,258,1.0,1.0,1.0,1.0,1.0,0.8620194241710247,1.0,2182,306675,0.3558660999406129,(none)
random,rep0,random_forest,pose_hands,body_centred,1,77,24,258,1.0,1.0,1.0,1.0,1.0,0.8620194241710247,1.0,2172,305700,0.3619866000954062,(none)
random,rep0,random_forest,pose_hands,body_centred,2,77,24,258,1.0,1.0,1.0,1.0,1.0,0.8620194241710247,1.0,2182,306673,0.35959889995865524,(none)
random,rep0,svm_rbf,pose_hands,body_centred,0,77,24,258,1.0,1.0,1.0,1.0,1.0,0.8620194241710247,1.0,-1,357991,0.01273289998061955,(none)
random,rep0,svm_rbf,pose_hands,body_centred,1,77,24,258,1.0,1.0,1.0,1.0,1.0,0.8620194241710247,1.0,-1,357991,0.012335800100117922,(none)
random,rep0,svm_rbf,pose_hands,body_centred,2,77,24,258,1.0,1.0,1.0,1.0,1.0,0.8620194241710247,1.0,-1,357991,0.013889400055631995,(none)
random,rep0,logreg,pose_hands,body_centred,0,77,24,258,1.0,1.0,1.0,1.0,1.0,0.8620194241710247,1.0,4132,42427,0.015642300015315413,(none)
random,rep0,logreg,pose_hands,body_centred,1,77,24,258,1.0,1.0,1.0,1.0,1.0,0.8620194241710247,1.0,4132,42427,0.0158740000333637,(none)
random,rep0,logreg,pose_hands,body_centred,2,77,24,258,1.0,1.0,1.0,1.0,1.0,0.8620194241710247,1.0,4132,42427,0.015482599847018719,(none)
random,rep0,random_forest,upper_pose_hands,body_centred,0,77,24,226,1.0,1.0,1.0,1.0,1.0,0.8620194241710247,1.0,2188,307257,0.36488040001131594,(none)
random,rep0,random_forest,upper_pose_hands,body_centred,1,77,24,226,1.0,1.0,1.0,1.0,1.0,0.8620194241710247,1.0,2188,307260,0.35861349990591407,(none)
random,rep0,random_forest,upper_pose_hands,body_centred,2,77,24,226,1.0,1.0,1.0,1.0,1.0,0.8620194241710247,1.0,2202,308620,0.40166640002280474,(none)
random,rep0,svm_rbf,upper_pose_hands,body_centred,0,77,24,226,1.0,1.0,1.0,1.0,1.0,0.8620194241710247,1.0,-1,306699,0.009910399792715907,(none)
random,rep0,svm_rbf,upper_pose_hands,body_centred,1,77,24,226,1.0,1.0,1.0,1.0,1.0,0.8620194241710247,1.0,-1,306699,0.010199700016528368,(none)
random,rep0,svm_rbf,upper_pose_hands,body_centred,2,77,24,226,1.0,1.0,1.0,1.0,1.0,0.8620194241710247,1.0,-1,306699,0.0101627002004534,(none)
random,rep0,logreg,upper_pose_hands,body_centred,0,77,24,226,1.0,1.0,1.0,1.0,1.0,0.8620194241710247,1.0,3620,37307,0.013646800071001053,(none)
random,rep0,logreg,upper_pose_hands,body_centred,1,77,24,226,1.0,1.0,1.0,1.0,1.0,0.8620194241710247,1.0,3620,37307,0.01301150000654161,(none)
random,rep0,logreg,upper_pose_hands,body_centred,2,77,24,226,1.0,1.0,1.0,1.0,1.0,0.8620194241710247,1.0,3620,37307,0.013217099942266941,(none)
random,rep0,random_forest,articulator_hands,body_centred,0,77,24,150,1.0,1.0,1.0,1.0,1.0,0.8620194241710247,1.0,2238,312126,0.35492139984853566,(none)
random,rep0,random_forest,articulator_hands,body_centred,1,77,24,150,1.0,1.0,1.0,1.0,1.0,0.8620194241710247,1.0,2234,311727,0.3579892001580447,(none)
random,rep0,random_forest,articulator_hands,body_centred,2,77,24,150,1.0,1.0,1.0,1.0,1.0,0.8620194241710247,1.0,2232,311539,0.3530271998606622,(none)
random,rep0,svm_rbf,articulator_hands,body_centred,0,77,24,150,1.0,1.0,1.0,1.0,1.0,0.8620194241710247,1.0,-1,165931,0.007565000094473362,(none)
random,rep0,svm_rbf,articulator_hands,body_centred,1,77,24,150,1.0,1.0,1.0,1.0,1.0,0.8620194241710247,1.0,-1,165931,0.0076293000020086765,(none)
random,rep0,svm_rbf,articulator_hands,body_centred,2,77,24,150,1.0,1.0,1.0,1.0,1.0,0.8620194241710247,1.0,-1,165931,0.007728199940174818,(none)
random,rep0,logreg,articulator_hands,body_centred,0,77,24,150,1.0,1.0,1.0,1.0,1.0,0.8620194241710247,1.0,2404,25147,0.013184600044041872,(none)
random,rep0,logreg,articulator_hands,body_centred,1,77,24,150,1.0,1.0,1.0,1.0,1.0,0.8620194241710247,1.0,2404,25147,0.012927199946716428,(none)
random,rep0,logreg,articulator_hands,body_centred,2,77,24,150,1.0,1.0,1.0,1.0,1.0,0.8620194241710247,1.0,2404,25147,0.012341699795797467,(none)
random,rep0,random_forest,hands,body_centred,0,77,24,126,1.0,1.0,1.0,1.0,1.0,0.8620194241710247,1.0,2238,312129,0.36054559983313084,(none)
random,rep0,random_forest,hands,body_centred,1,77,24,126,1.0,1.0,1.0,1.0,1.0,0.8620194241710247,1.0,2278,316008,0.36395759996958077,(none)
random,rep0,random_forest,hands,body_centred,2,77,24,126,1.0,1.0,1.0,1.0,1.0,0.8620194241710247,1.0,2244,312688,0.35587289999239147,(none)
random,rep0,svm_rbf,hands,body_centred,0,77,24,126,1.0,1.0,1.0,1.0,1.0,0.8620194241710247,1.0,-1,143879,0.006626500049605966,(none)
random,rep0,svm_rbf,hands,body_centred,1,77,24,126,1.0,1.0,1.0,1.0,1.0,0.8620194241710247,1.0,-1,143879,0.006341799860820174,(none)
random,rep0,svm_rbf,hands,body_centred,2,77,24,126,1.0,1.0,1.0,1.0,1.0,0.8620194241710247,1.0,-1,143879,0.006353199947625399,(none)
random,rep0,logreg,hands,body_centred,0,77,24,126,1.0,1.0,1.0,1.0,1.0,0.8620194241710247,1.0,2020,21307,0.01268110005185008,(none)
random,rep0,logreg,hands,body_centred,1,77,24,126,1.0,1.0,1.0,1.0,1.0,0.8620194241710247,1.0,2020,21307,0.011323200073093176,(none)
random,rep0,logreg,hands,body_centred,2,77,24,126,1.0,1.0,1.0,1.0,1.0,0.8620194241710247,1.0,2020,21307,0.011522499844431877,(none)
random,rep0,random_forest,dominant_hand,body_centred,0,77,24,63,1.0,1.0,1.0,1.0,1.0,0.8620194241710247,1.0,2232,310949,0.36390599980950356,(none)
random,rep0,random_forest,dominant_hand,body_centred,1,77,24,63,1.0,1.0,1.0,1.0,1.0,0.8620194241710247,1.0,2238,311534,0.3632839999627322,(none)
random,rep0,random_forest,dominant_hand,body_centred,2,77,24,63,1.0,1.0,1.0,1.0,1.0,0.8620194241710247,1.0,2228,310557,0.35746450000442564,(none)
random,rep0,svm_rbf,dominant_hand,body_centred,0,77,24,63,1.0,1.0,1.0,1.0,1.0,0.8620194241710247,1.0,-1,71268,0.00511190015822649,(none)
random,rep0,svm_rbf,dominant_hand,body_centred,1,77,24,63,1.0,1.0,1.0,1.0,1.0,0.8620194241710247,1.0,-1,71268,0.005505700130015612,(none)
random,rep0,svm_rbf,dominant_hand,body_centred,2,77,24,63,1.0,1.0,1.0,1.0,1.0,0.8620194241710247,1.0,-1,71268,0.004716499941423535,(none)
random,rep0,logreg,dominant_hand,body_centred,0,77,24,63,1.0,1.0,1.0,1.0,1.0,0.8620194241710247,1.0,1012,11221,0.007970700040459633,(none)
random,rep0,logreg,dominant_hand,body_centred,1,77,24,63,1.0,1.0,1.0,1.0,1.0,0.8620194241710247,1.0,1012,11221,0.007012200076133013,(none)
random,rep0,logreg,dominant_hand,body_centred,2,77,24,63,1.0,1.0,1.0,1.0,1.0,0.8620194241710247,1.0,1012,11221,0.0082330999430269,(none)
random,rep0,random_forest,face,body_centred,0,77,24,1404,0.9583333333333334,0.9583333333333334,0.958041958041958,0.958041958041958,1.0,0.7975777375115778,0.992606734645195,3328,417471,0.407241300214082,(none)
random,rep0,random_forest,face,body_centred,1,77,24,1404,0.9583333333333334,0.9583333333333334,0.958041958041958,0.958041958041958,1.0,0.7975777375115778,0.992606734645195,3308,415512,0.3964720000512898,(none)
random,rep0,random_forest,face,body_centred,2,77,24,1404,0.9583333333333334,0.9583333333333334,0.958041958041958,0.958041958041958,1.0,0.7975777375115778,0.992606734645195,3280,412840,0.3877652999944985,(none)
random,rep0,svm_rbf,face,body_centred,0,77,24,1404,0.9583333333333334,0.9583333333333334,0.958041958041958,0.958041958041958,1.0,0.7975777375115778,0.992606734645195,-1,2564280,0.05812639999203384,(none)
random,rep0,svm_rbf,face,body_centred,1,77,24,1404,1.0,1.0,1.0,1.0,1.0,0.8620194241710247,1.0,-1,2564280,0.06085959984920919,(none)
random,rep0,svm_rbf,face,body_centred,2,77,24,1404,0.9583333333333334,0.9583333333333334,0.958041958041958,0.958041958041958,1.0,0.7975777375115778,0.992606734645195,-1,2564280,0.06015340005978942,(none)
random,rep0,logreg,face,body_centred,0,77,24,1404,0.9583333333333334,0.9583333333333334,0.958041958041958,0.958041958041958,1.0,0.7975777375115778,0.992606734645195,22468,225805,0.37585199996829033,(none)
random,rep0,logreg,face,body_centred,1,77,24,1404,0.9583333333333334,0.9583333333333334,0.958041958041958,0.958041958041958,1.0,0.7975777375115778,0.992606734645195,22468,225805,0.3745291999075562,(none)
random,rep0,logreg,face,body_centred,2,77,24,1404,0.9583333333333334,0.9583333333333334,0.958041958041958,0.958041958041958,1.0,0.7975777375115778,0.992606734645195,22468,225805,0.37049890006892383,(none)
temporal_holdout,tail,random_forest,full,body_centred,0,76,24,1662,1.0,1.0,1.0,1.0,1.0,0.8620194241710247,1.0,2146,303165,0.3862846000120044,last recordings per class
temporal_holdout,tail,random_forest,full,body_centred,1,76,24,1662,1.0,1.0,1.0,1.0,1.0,0.8620194241710247,1.0,2144,302970,0.39585760002955794,last recordings per class
temporal_holdout,tail,random_forest,full,body_centred,2,76,24,1662,1.0,1.0,1.0,1.0,1.0,0.8620194241710247,1.0,2140,302578,0.4331495000515133,last recordings per class
temporal_holdout,tail,svm_rbf,full,body_centred,0,76,24,1662,0.9583333333333334,0.9583333333333334,0.9580419580419581,0.958041958041958,1.0,0.7975777375115778,0.992606734645195,-1,2555964,0.0726083000190556,last recordings per class
temporal_holdout,tail,svm_rbf,full,body_centred,1,76,24,1662,0.9583333333333334,0.9583333333333334,0.9580419580419581,0.958041958041958,1.0,0.7975777375115778,0.992606734645195,-1,2555964,0.07367139984853566,last recordings per class
temporal_holdout,tail,svm_rbf,full,body_centred,2,76,24,1662,0.9583333333333334,0.9583333333333334,0.9580419580419581,0.958041958041958,1.0,0.7975777375115778,0.992606734645195,-1,2555964,0.07544490019790828,last recordings per class
temporal_holdout,tail,logreg,full,body_centred,0,76,24,1662,0.9166666666666666,0.9166666666666666,0.9142857142857143,0.9142857142857143,1.0,0.741507847985494,0.9768416721570266,26596,267085,0.10514950007200241,last recordings per class
temporal_holdout,tail,logreg,full,body_centred,1,76,24,1662,0.9166666666666666,0.9166666666666666,0.9142857142857143,0.9142857142857143,1.0,0.741507847985494,0.9768416721570266,26596,267085,0.10115269990637898,last recordings per class
temporal_holdout,tail,logreg,full,body_centred,2,76,24,1662,0.9166666666666666,0.9166666666666666,0.9142857142857143,0.9142857142857143,1.0,0.741507847985494,0.9768416721570266,26596,267085,0.12056619999930263,last recordings per class
temporal_holdout,tail,random_forest,pose_hands,body_centred,0,76,24,258,1.0,1.0,1.0,1.0,1.0,0.8620194241710247,1.0,2124,301023,0.4095255001448095,last recordings per class
temporal_holdout,tail,random_forest,pose_hands,body_centred,1,76,24,258,1.0,1.0,1.0,1.0,1.0,0.8620194241710247,1.0,2126,301221,0.3620720999315381,last recordings per class
temporal_holdout,tail,random_forest,pose_hands,body_centred,2,76,24,258,1.0,1.0,1.0,1.0,1.0,0.8620194241710247,1.0,2116,300244,0.36414640001021326,last recordings per class
temporal_holdout,tail,svm_rbf,pose_hands,body_centred,0,76,24,258,0.9583333333333334,0.9583333333333334,0.9580419580419581,0.958041958041958,0.9583333333333334,0.7975777375115778,0.992606734645195,-1,382843,0.013325599953532219,last recordings per class
temporal_holdout,tail,svm_rbf,pose_hands,body_centred,1,76,24,258,0.9583333333333334,0.9583333333333334,0.9580419580419581,0.958041958041958,0.9583333333333334,0.7975777375115778,0.992606734645195,-1,382843,0.011927200015634298,last recordings per class
temporal_holdout,tail,svm_rbf,pose_hands,body_centred,2,76,24,258,0.9583333333333334,0.9583333333333334,0.9580419580419581,0.958041958041958,0.9583333333333334,0.7975777375115778,0.992606734645195,-1,382843,0.012632899917662144,last recordings per class
temporal_holdout,tail,logreg,pose_hands,body_centred,0,76,24,258,0.9583333333333334,0.9583333333333334,0.9580419580419581,0.958041958041958,1.0,0.7975777375115778,0.992606734645195,4132,42427,0.014989000046625733,last recordings per class
temporal_holdout,tail,logreg,pose_hands,body_centred,1,76,24,258,0.9583333333333334,0.9583333333333334,0.9580419580419581,0.958041958041958,1.0,0.7975777375115778,0.992606734645195,4132,42427,0.014654899947345257,last recordings per class
temporal_holdout,tail,logreg,pose_hands,body_centred,2,76,24,258,0.9583333333333334,0.9583333333333334,0.9580419580419581,0.958041958041958,1.0,0.7975777375115778,0.992606734645195,4132,42427,0.014379499945789576,last recordings per class
temporal_holdout,tail,random_forest,upper_pose_hands,body_centred,0,76,24,226,1.0,1.0,1.0,1.0,1.0,0.8620194241710247,1.0,2140,302586,0.35327089997008443,last recordings per class
temporal_holdout,tail,random_forest,upper_pose_hands,body_centred,1,76,24,226,1.0,1.0,1.0,1.0,1.0,0.8620194241710247,1.0,2138,302385,0.36017960007302463,last recordings per class
temporal_holdout,tail,random_forest,upper_pose_hands,body_centred,2,76,24,226,1.0,1.0,1.0,1.0,1.0,0.8620194241710247,1.0,2122,300829,0.3592512998729944,last recordings per class
temporal_holdout,tail,svm_rbf,upper_pose_hands,body_centred,0,76,24,226,0.9583333333333334,0.9583333333333334,0.9580419580419581,0.958041958041958,0.9583333333333334,0.7975777375115778,0.992606734645195,-1,350259,0.00977160013280809,last recordings per class
temporal_holdout,tail,svm_rbf,upper_pose_hands,body_centred,1,76,24,226,0.9583333333333334,0.9583333333333334,0.9580419580419581,0.958041958041958,0.9583333333333334,0.7975777375115778,0.992606734645195,-1,350259,0.009704299969598651,last recordings per class
temporal_holdout,tail,svm_rbf,upper_pose_hands,body_centred,2,76,24,226,0.9583333333333334,0.9583333333333334,0.9580419580419581,0.958041958041958,0.9583333333333334,0.7975777375115778,0.992606734645195,-1,350259,0.00945260003209114,last recordings per class
temporal_holdout,tail,logreg,upper_pose_hands,body_centred,0,76,24,226,0.9583333333333334,0.9583333333333334,0.9580419580419581,0.958041958041958,1.0,0.7975777375115778,0.992606734645195,3620,37307,0.014251200016587973,last recordings per class
temporal_holdout,tail,logreg,upper_pose_hands,body_centred,1,76,24,226,0.9583333333333334,0.9583333333333334,0.9580419580419581,0.958041958041958,1.0,0.7975777375115778,0.992606734645195,3620,37307,0.013795499922707677,last recordings per class
temporal_holdout,tail,logreg,upper_pose_hands,body_centred,2,76,24,226,0.9583333333333334,0.9583333333333334,0.9580419580419581,0.958041958041958,1.0,0.7975777375115778,0.992606734645195,3620,37307,0.014015299966558814,last recordings per class
temporal_holdout,tail,random_forest,articulator_hands,body_centred,0,76,24,150,1.0,1.0,1.0,1.0,1.0,0.8620194241710247,1.0,2144,302973,0.35120780020952225,last recordings per class
temporal_holdout,tail,random_forest,articulator_hands,body_centred,1,76,24,150,1.0,1.0,1.0,1.0,1.0,0.8620194241710247,1.0,2154,303948,0.35111270006746054,last recordings per class
temporal_holdout,tail,random_forest,articulator_hands,body_centred,2,76,24,150,1.0,1.0,1.0,1.0,1.0,0.8620194241710247,1.0,2144,302974,0.356100499862805,last recordings per class
temporal_holdout,tail,svm_rbf,articulator_hands,body_centred,0,76,24,150,0.9583333333333334,0.9583333333333334,0.9580419580419581,0.958041958041958,0.9583333333333334,0.7975777375115778,0.992606734645195,-1,194899,0.006687999935820699,last recordings per class
temporal_holdout,tail,svm_rbf,articulator_hands,body_centred,1,76,24,150,0.9583333333333334,0.9583333333333334,0.9580419580419581,0.958041958041958,0.9583333333333334,0.7975777375115778,0.992606734645195,-1,194899,0.006505399942398071,last recordings per class
temporal_holdout,tail,svm_rbf,articulator_hands,body_centred,2,76,24,150,0.9583333333333334,0.9583333333333334,0.9580419580419581,0.958041958041958,0.9583333333333334,0.7975777375115778,0.992606734645195,-1,194899,0.006871500052511692,last recordings per class
temporal_holdout,tail,logreg,articulator_hands,body_centred,0,76,24,150,0.9583333333333334,0.9583333333333334,0.9580419580419581,0.958041958041958,1.0,0.7975777375115778,0.992606734645195,2404,25147,0.012762799859046936,last recordings per class
temporal_holdout,tail,logreg,articulator_hands,body_centred,1,76,24,150,0.9583333333333334,0.9583333333333334,0.9580419580419581,0.958041958041958,1.0,0.7975777375115778,0.992606734645195,2404,25147,0.014739700127393007,last recordings per class
temporal_holdout,tail,logreg,articulator_hands,body_centred,2,76,24,150,0.9583333333333334,0.9583333333333334,0.9580419580419581,0.958041958041958,1.0,0.7975777375115778,0.992606734645195,2404,25147,0.012382900109514594,last recordings per class
temporal_holdout,tail,random_forest,hands,body_centred,0,76,24,126,1.0,1.0,1.0,1.0,1.0,0.8620194241710247,1.0,2158,304332,0.3596630000974983,last recordings per class
temporal_holdout,tail,random_forest,hands,body_centred,1,76,24,126,1.0,1.0,1.0,1.0,1.0,0.8620194241710247,1.0,2150,303558,0.36000520014204085,last recordings per class
temporal_holdout,tail,random_forest,hands,body_centred,2,76,24,126,1.0,1.0,1.0,1.0,1.0,0.8620194241710247,1.0,2164,304921,0.36279159993864596,last recordings per class
temporal_holdout,tail,svm_rbf,hands,body_centred,0,76,24,126,0.9583333333333334,0.9583333333333334,0.9580419580419581,0.958041958041958,0.9583333333333334,0.7975777375115778,0.992606734645195,-1,147939,0.006807700032368302,last recordings per class
temporal_holdout,tail,svm_rbf,hands,body_centred,1,76,24,126,0.9583333333333334,0.9583333333333334,0.9580419580419581,0.958041958041958,1.0,0.7975777375115778,0.992606734645195,-1,147939,0.006186600076034665,last recordings per class
temporal_holdout,tail,svm_rbf,hands,body_centred,2,76,24,126,0.9583333333333334,0.9583333333333334,0.9580419580419581,0.958041958041958,1.0,0.7975777375115778,0.992606734645195,-1,147939,0.006241900147870183,last recordings per class
temporal_holdout,tail,logreg,hands,body_centred,0,76,24,126,0.9583333333333334,0.9583333333333334,0.9580419580419581,0.958041958041958,1.0,0.7975777375115778,0.992606734645195,2020,21307,0.011281799990683794,last recordings per class
temporal_holdout,tail,logreg,hands,body_centred,1,76,24,126,0.9583333333333334,0.9583333333333334,0.9580419580419581,0.958041958041958,1.0,0.7975777375115778,0.992606734645195,2020,21307,0.012116999831050634,last recordings per class
temporal_holdout,tail,logreg,hands,body_centred,2,76,24,126,0.9583333333333334,0.9583333333333334,0.9580419580419581,0.958041958041958,1.0,0.7975777375115778,0.992606734645195,2020,21307,0.012043399969115853,last recordings per class
temporal_holdout,tail,random_forest,dominant_hand,body_centred,0,76,24,63,1.0,1.0,1.0,1.0,1.0,0.8620194241710247,1.0,2154,303338,0.3516375001054257,last recordings per class
temporal_holdout,tail,random_forest,dominant_hand,body_centred,1,76,24,63,1.0,1.0,1.0,1.0,1.0,0.8620194241710247,1.0,2136,301595,0.354724699864164,last recordings per class
temporal_holdout,tail,random_forest,dominant_hand,body_centred,2,76,24,63,1.0,1.0,1.0,1.0,1.0,0.8620194241710247,1.0,2146,302565,0.3577596000395715,last recordings per class
temporal_holdout,tail,svm_rbf,dominant_hand,body_centred,0,76,24,63,1.0,1.0,1.0,1.0,1.0,0.8620194241710247,1.0,-1,71268,0.004475099965929985,last recordings per class
temporal_holdout,tail,svm_rbf,dominant_hand,body_centred,1,76,24,63,1.0,1.0,1.0,1.0,1.0,0.8620194241710247,1.0,-1,71268,0.005715500097721815,last recordings per class
temporal_holdout,tail,svm_rbf,dominant_hand,body_centred,2,76,24,63,1.0,1.0,1.0,1.0,1.0,0.8620194241710247,1.0,-1,71268,0.004290200071409345,last recordings per class
temporal_holdout,tail,logreg,dominant_hand,body_centred,0,76,24,63,1.0,1.0,1.0,1.0,1.0,0.8620194241710247,1.0,1012,11221,0.006759200012311339,last recordings per class
temporal_holdout,tail,logreg,dominant_hand,body_centred,1,76,24,63,1.0,1.0,1.0,1.0,1.0,0.8620194241710247,1.0,1012,11221,0.007721000118181109,last recordings per class
temporal_holdout,tail,logreg,dominant_hand,body_centred,2,76,24,63,1.0,1.0,1.0,1.0,1.0,0.8620194241710247,1.0,1012,11221,0.007315099937841296,last recordings per class
temporal_holdout,tail,random_forest,face,body_centred,0,76,24,1404,0.6666666666666666,0.6666666666666666,0.625,0.625,0.9583333333333334,0.4670595949408046,0.8202802131162036,2922,378366,0.3853364000096917,last recordings per class
temporal_holdout,tail,random_forest,face,body_centred,1,76,24,1404,0.6666666666666666,0.6666666666666666,0.625,0.625,1.0,0.4670595949408046,0.8202802131162036,2910,377214,0.417594299884513,last recordings per class
temporal_holdout,tail,random_forest,face,body_centred,2,76,24,1404,0.6666666666666666,0.6666666666666666,0.625,0.625,0.8333333333333334,0.4670595949408046,0.8202802131162036,2912,377392,0.38236250006593764,last recordings per class
temporal_holdout,tail,svm_rbf,face,body_centred,0,76,24,1404,0.6666666666666666,0.6666666666666666,0.625,0.625,1.0,0.4670595949408046,0.8202802131162036,-1,2294544,0.05752760008908808,last recordings per class
temporal_holdout,tail,svm_rbf,face,body_centred,1,76,24,1404,0.6666666666666666,0.6666666666666666,0.625,0.625,1.0,0.4670595949408046,0.8202802131162036,-1,2294544,0.05811430001631379,last recordings per class
temporal_holdout,tail,svm_rbf,face,body_centred,2,76,24,1404,0.6666666666666666,0.6666666666666666,0.625,0.625,1.0,0.4670595949408046,0.8202802131162036,-1,2294544,0.05878149997442961,last recordings per class
temporal_holdout,tail,logreg,face,body_centred,0,76,24,1404,0.7083333333333334,0.7083333333333334,0.6309523809523809,0.6309523809523809,0.75,0.508319363412903,0.8508553966583573,22468,225805,0.1049875000026077,last recordings per class
temporal_holdout,tail,logreg,face,body_centred,1,76,24,1404,0.7083333333333334,0.7083333333333334,0.6309523809523809,0.6309523809523809,0.75,0.508319363412903,0.8508553966583573,22468,225805,0.10798029997386038,last recordings per class
temporal_holdout,tail,logreg,face,body_centred,2,76,24,1404,0.7083333333333334,0.7083333333333334,0.6309523809523809,0.6309523809523809,0.75,0.508319363412903,0.8508553966583573,22468,225805,0.10575779993087053,last recordings per class
block_disjoint,block0,random_forest,full,body_centred,0,76,24,1662,0.875,0.875,0.8666666666666667,0.8666666666666667,1.0,0.6899571185214243,0.9565574496068442,2114,300051,0.4593442000914365,block 0 of each class
block_disjoint,block0,random_forest,full,body_centred,1,76,24,1662,0.875,0.875,0.8666666666666667,0.8666666666666667,0.9583333333333334,0.6899571185214243,0.9565574496068442,2118,300441,0.4851909000426531,block 0 of each class
block_disjoint,block0,random_forest,full,body_centred,2,76,24,1662,0.875,0.875,0.8666666666666667,0.8666666666666667,1.0,0.6899571185214243,0.9565574496068442,2124,301024,0.40795699995942414,block 0 of each class
block_disjoint,block0,svm_rbf,full,body_centred,0,76,24,1662,0.7916666666666666,0.7916666666666666,0.7809523809523808,0.780952380952381,0.9166666666666666,0.5952915551476452,0.9075531089521192,-1,2609176,0.07346480013802648,block 0 of each class
block_disjoint,block0,svm_rbf,full,body_centred,1,76,24,1662,0.7916666666666666,0.7916666666666666,0.7809523809523808,0.780952380952381,0.9166666666666666,0.5952915551476452,0.9075531089521192,-1,2609176,0.07205830002203584,block 0 of each class
block_disjoint,block0,svm_rbf,full,body_centred,2,76,24,1662,0.7916666666666666,0.7916666666666666,0.7809523809523808,0.780952380952381,0.9166666666666666,0.5952915551476452,0.9075531089521192,-1,2609176,0.0737110001500696,block 0 of each class
block_disjoint,block0,logreg,full,body_centred,0,76,24,1662,0.7916666666666666,0.7916666666666666,0.8037433155080214,0.8037433155080214,1.0,0.5952915551476452,0.9075531089521192,26596,267085,0.08427500003017485,block 0 of each class
block_disjoint,block0,logreg,full,body_centred,1,76,24,1662,0.7916666666666666,0.7916666666666666,0.8037433155080214,0.8037433155080214,1.0,0.5952915551476452,0.9075531089521192,26596,267085,0.0796363998670131,block 0 of each class
block_disjoint,block0,logreg,full,body_centred,2,76,24,1662,0.7916666666666666,0.7916666666666666,0.8037433155080214,0.8037433155080214,1.0,0.5952915551476452,0.9075531089521192,26596,267085,0.07844329997897148,block 0 of each class
block_disjoint,block0,random_forest,pose_hands,body_centred,0,76,24,258,1.0,1.0,1.0,1.0,1.0,0.8620194241710247,1.0,2100,298686,0.3597323000431061,block 0 of each class
block_disjoint,block0,random_forest,pose_hands,body_centred,1,76,24,258,1.0,1.0,1.0,1.0,1.0,0.8620194241710247,1.0,2104,299076,0.3749530001077801,block 0 of each class
block_disjoint,block0,random_forest,pose_hands,body_centred,2,76,24,258,1.0,1.0,1.0,1.0,1.0,0.8620194241710247,1.0,2108,299464,0.366314799990505,block 0 of each class
block_disjoint,block0,svm_rbf,pose_hands,body_centred,0,76,24,258,0.875,0.875,0.8772727272727273,0.8772727272727273,0.9166666666666666,0.6899571185214243,0.9565574496068442,-1,357991,0.011783499969169497,block 0 of each class
block_disjoint,block0,svm_rbf,pose_hands,body_centred,1,76,24,258,0.875,0.875,0.8772727272727273,0.8772727272727273,0.9166666666666666,0.6899571185214243,0.9565574496068442,-1,357991,0.011816899990662932,block 0 of each class
block_disjoint,block0,svm_rbf,pose_hands,body_centred,2,76,24,258,0.875,0.875,0.8772727272727273,0.8772727272727273,0.9166666666666666,0.6899571185214243,0.9565574496068442,-1,357991,0.012083600042387843,block 0 of each class
block_disjoint,block0,logreg,pose_hands,body_centred,0,76,24,258,0.9166666666666666,0.9166666666666666,0.9142857142857144,0.9142857142857143,1.0,0.741507847985494,0.9768416721570266,4132,42427,0.010538900038227439,block 0 of each class
block_disjoint,block0,logreg,pose_hands,body_centred,1,76,24,258,0.9166666666666666,0.9166666666666666,0.9142857142857144,0.9142857142857143,1.0,0.741507847985494,0.9768416721570266,4132,42427,0.01059759990312159,block 0 of each class
block_disjoint,block0,logreg,pose_hands,body_centred,2,76,24,258,0.9166666666666666,0.9166666666666666,0.9142857142857144,0.9142857142857143,1.0,0.741507847985494,0.9768416721570266,4132,42427,0.011515900027006865,block 0 of each class
block_disjoint,block0,random_forest,upper_pose_hands,body_centred,0,76,24,226,1.0,1.0,1.0,1.0,1.0,0.8620194241710247,1.0,2110,299661,0.4842513999901712,block 0 of each class
block_disjoint,block0,random_forest,upper_pose_hands,body_centred,1,76,24,226,1.0,1.0,1.0,1.0,1.0,0.8620194241710247,1.0,2106,299271,0.3609713001642376,block 0 of each class
block_disjoint,block0,random_forest,upper_pose_hands,body_centred,2,76,24,226,1.0,1.0,1.0,1.0,1.0,0.8620194241710247,1.0,2104,299074,0.42132809991016984,block 0 of each class
block_disjoint,block0,svm_rbf,upper_pose_hands,body_centred,0,76,24,226,0.875,0.875,0.8772727272727273,0.8772727272727273,0.9166666666666666,0.6899571185214243,0.9565574496068442,-1,292179,0.011795199941843748,block 0 of each class
block_disjoint,block0,svm_rbf,upper_pose_hands,body_centred,1,76,24,226,0.875,0.875,0.8772727272727273,0.8772727272727273,0.9166666666666666,0.6899571185214243,0.9565574496068442,-1,292179,0.01257000002078712,block 0 of each class
block_disjoint,block0,svm_rbf,upper_pose_hands,body_centred,2,76,24,226,0.875,0.875,0.8772727272727273,0.8772727272727273,0.9166666666666666,0.6899571185214243,0.9565574496068442,-1,292179,0.010265900054946542,block 0 of each class
block_disjoint,block0,logreg,upper_pose_hands,body_centred,0,76,24,226,0.9583333333333334,0.9583333333333334,0.958041958041958,0.958041958041958,1.0,0.7975777375115778,0.992606734645195,3620,37307,0.012204499915242195,block 0 of each class
block_disjoint,block0,logreg,upper_pose_hands,body_centred,1,76,24,226,0.9583333333333334,0.9583333333333334,0.958041958041958,0.958041958041958,1.0,0.7975777375115778,0.992606734645195,3620,37307,0.012159299803897738,block 0 of each class
block_disjoint,block0,logreg,upper_pose_hands,body_centred,2,76,24,226,0.9583333333333334,0.9583333333333334,0.958041958041958,0.958041958041958,1.0,0.7975777375115778,0.992606734645195,3620,37307,0.011516000144183636,block 0 of each class
block_disjoint,block0,random_forest,articulator_hands,body_centred,0,76,24,150,1.0,1.0,1.0,1.0,1.0,0.8620194241710247,1.0,2114,300048,0.3597380998544395,block 0 of each class
block_disjoint,block0,random_forest,articulator_hands,body_centred,1,76,24,150,1.0,1.0,1.0,1.0,1.0,0.8620194241710247,1.0,2116,300246,0.3950094999745488,block 0 of each class
block_disjoint,block0,random_forest,articulator_hands,body_centred,2,76,24,150,1.0,1.0,1.0,1.0,1.0,0.8620194241710247,1.0,2112,299854,0.4508196997921914,block 0 of each class
block_disjoint,block0,svm_rbf,articulator_hands,body_centred,0,76,24,150,0.875,0.875,0.8772727272727273,0.8772727272727273,0.9166666666666666,0.6899571185214243,0.9565574496068442,-1,161103,0.007531899958848953,block 0 of each class
block_disjoint,block0,svm_rbf,articulator_hands,body_centred,1,76,24,150,0.875,0.875,0.8772727272727273,0.8772727272727273,0.9166666666666666,0.6899571185214243,0.9565574496068442,-1,161103,0.006592799909412861,block 0 of each class
block_disjoint,block0,svm_rbf,articulator_hands,body_centred,2,76,24,150,0.875,0.875,0.8772727272727273,0.8772727272727273,0.9166666666666666,0.6899571185214243,0.9565574496068442,-1,161103,0.008838299894705415,block 0 of each class
block_disjoint,block0,logreg,articulator_hands,body_centred,0,76,24,150,0.9583333333333334,0.9583333333333334,0.958041958041958,0.958041958041958,1.0,0.7975777375115778,0.992606734645195,2404,25147,0.012966200010851026,block 0 of each class
block_disjoint,block0,logreg,articulator_hands,body_centred,1,76,24,150,0.9583333333333334,0.9583333333333334,0.958041958041958,0.958041958041958,1.0,0.7975777375115778,0.992606734645195,2404,25147,0.012452000053599477,block 0 of each class
block_disjoint,block0,logreg,articulator_hands,body_centred,2,76,24,150,0.9583333333333334,0.9583333333333334,0.958041958041958,0.958041958041958,1.0,0.7975777375115778,0.992606734645195,2404,25147,0.01221289997920394,block 0 of each class
block_disjoint,block0,random_forest,hands,body_centred,0,76,24,126,1.0,1.0,1.0,1.0,1.0,0.8620194241710247,1.0,2134,301998,0.38309979997575283,block 0 of each class
block_disjoint,block0,random_forest,hands,body_centred,1,76,24,126,1.0,1.0,1.0,1.0,1.0,0.8620194241710247,1.0,2136,302190,0.3565158999990672,block 0 of each class
block_disjoint,block0,random_forest,hands,body_centred,2,76,24,126,1.0,1.0,1.0,1.0,1.0,0.8620194241710247,1.0,2132,301801,0.35579579998739064,block 0 of each class
block_disjoint,block0,svm_rbf,hands,body_centred,0,76,24,126,0.9166666666666666,0.9166666666666667,0.9188311688311689,0.9188311688311687,1.0,0.741507847985494,0.9768416721570266,-1,135759,0.007014699978753924,block 0 of each class
block_disjoint,block0,svm_rbf,hands,body_centred,1,76,24,126,0.9166666666666666,0.9166666666666667,0.9188311688311689,0.9188311688311687,1.0,0.741507847985494,0.9768416721570266,-1,135759,0.006081500090658665,block 0 of each class
block_disjoint,block0,svm_rbf,hands,body_centred,2,76,24,126,0.9166666666666666,0.9166666666666667,0.9188311688311689,0.9188311688311687,1.0,0.741507847985494,0.9768416721570266,-1,135759,0.006164900027215481,block 0 of each class
block_disjoint,block0,logreg,hands,body_centred,0,76,24,126,0.9583333333333334,0.9583333333333334,0.958041958041958,0.958041958041958,1.0,0.7975777375115778,0.992606734645195,2020,21307,0.011447199853137136,block 0 of each class
block_disjoint,block0,logreg,hands,body_centred,1,76,24,126,0.9583333333333334,0.9583333333333334,0.958041958041958,0.958041958041958,1.0,0.7975777375115778,0.992606734645195,2020,21307,0.011809600051492453,block 0 of each class
block_disjoint,block0,logreg,hands,body_centred,2,76,24,126,0.9583333333333334,0.9583333333333334,0.958041958041958,0.958041958041958,1.0,0.7975777375115778,0.992606734645195,2020,21307,0.011593699920922518,block 0 of each class
block_disjoint,block0,random_forest,dominant_hand,body_centred,0,76,24,63,1.0,1.0,1.0,1.0,1.0,0.8620194241710247,1.0,2114,299450,0.36598059977404773,block 0 of each class
block_disjoint,block0,random_forest,dominant_hand,body_centred,1,76,24,63,1.0,1.0,1.0,1.0,1.0,0.8620194241710247,1.0,2122,300227,0.36091739987023175,block 0 of each class
block_disjoint,block0,random_forest,dominant_hand,body_centred,2,76,24,63,1.0,1.0,1.0,1.0,1.0,0.8620194241710247,1.0,2110,299058,0.38858380005694926,block 0 of each class
block_disjoint,block0,svm_rbf,dominant_hand,body_centred,0,76,24,63,0.9583333333333334,0.9583333333333334,0.958041958041958,0.958041958041958,1.0,0.7975777375115778,0.992606734645195,-1,69224,0.0043317999225109816,block 0 of each class
block_disjoint,block0,svm_rbf,dominant_hand,body_centred,1,76,24,63,0.9583333333333334,0.9583333333333334,0.958041958041958,0.958041958041958,1.0,0.7975777375115778,0.992606734645195,-1,69224,0.004989200038835406,block 0 of each class
block_disjoint,block0,svm_rbf,dominant_hand,body_centred,2,76,24,63,0.9583333333333334,0.9583333333333334,0.958041958041958,0.958041958041958,1.0,0.7975777375115778,0.992606734645195,-1,69224,0.0041924999095499516,block 0 of each class
block_disjoint,block0,logreg,dominant_hand,body_centred,0,76,24,63,0.9583333333333334,0.9583333333333334,0.9580419580419581,0.958041958041958,0.9583333333333334,0.7975777375115778,0.992606734645195,1012,11221,0.00711299991235137,block 0 of each class
block_disjoint,block0,logreg,dominant_hand,body_centred,1,76,24,63,0.9583333333333334,0.9583333333333334,0.9580419580419581,0.958041958041958,0.9583333333333334,0.7975777375115778,0.992606734645195,1012,11221,0.00691589992493391,block 0 of each class
block_disjoint,block0,logreg,dominant_hand,body_centred,2,76,24,63,0.9583333333333334,0.9583333333333334,0.9580419580419581,0.958041958041958,0.9583333333333334,0.7975777375115778,0.992606734645195,1012,11221,0.007257800083607435,block 0 of each class
block_disjoint,block0,random_forest,face,body_centred,0,76,24,1404,0.75,0.75,0.7514705882352941,0.7514705882352941,0.9583333333333334,0.5510017468789357,0.8800079652065766,2962,382272,0.406346800038591,block 0 of each class
block_disjoint,block0,random_forest,face,body_centred,1,76,24,1404,0.75,0.75,0.7514705882352941,0.7514705882352941,0.9583333333333334,0.5510017468789357,0.8800079652065766,3054,391128,0.41169179999269545,block 0 of each class
block_disjoint,block0,random_forest,face,body_centred,2,76,24,1404,0.75,0.75,0.7514705882352941,0.7514705882352941,0.9583333333333334,0.5510017468789357,0.8800079652065766,2954,381505,0.40795839997008443,block 0 of each class
block_disjoint,block0,svm_rbf,face,body_centred,0,76,24,1404,0.5833333333333334,0.5833333333333334,0.5518207282913166,0.5518207282913166,0.9583333333333334,0.3883433764938864,0.7553265275346177,-1,2159676,0.06368380016647279,block 0 of each class
block_disjoint,block0,svm_rbf,face,body_centred,1,76,24,1404,0.5833333333333334,0.5833333333333334,0.5518207282913166,0.5518207282913166,0.9583333333333334,0.3883433764938864,0.7553265275346177,-1,2159676,0.05904840002767742,block 0 of each class
block_disjoint,block0,svm_rbf,face,body_centred,2,76,24,1404,0.5833333333333334,0.5833333333333334,0.5518207282913166,0.5518207282913166,0.9583333333333334,0.3883433764938864,0.7553265275346177,-1,2159676,0.06310159992426634,block 0 of each class
block_disjoint,block0,logreg,face,body_centred,0,76,24,1404,0.75,0.75,0.7514705882352941,0.7514705882352941,1.0,0.5510017468789357,0.8800079652065766,22468,225805,0.20926789985969663,block 0 of each class
block_disjoint,block0,logreg,face,body_centred,1,76,24,1404,0.75,0.75,0.7514705882352941,0.7514705882352941,1.0,0.5510017468789357,0.8800079652065766,22468,225805,0.20914639998227358,block 0 of each class
block_disjoint,block0,logreg,face,body_centred,2,76,24,1404,0.75,0.75,0.7514705882352941,0.7514705882352941,1.0,0.5510017468789357,0.8800079652065766,22468,225805,0.20877279993146658,block 0 of each class
block_disjoint,block1,random_forest,full,body_centred,0,76,24,1662,1.0,1.0,1.0,1.0,1.0,0.8620194241710247,1.0,2152,303756,0.40350569994188845,block 1 of each class
block_disjoint,block1,random_forest,full,body_centred,1,76,24,1662,1.0,1.0,1.0,1.0,1.0,0.8620194241710247,1.0,2168,305307,0.4040598999708891,block 1 of each class
block_disjoint,block1,random_forest,full,body_centred,2,76,24,1662,1.0,1.0,1.0,1.0,1.0,0.8620194241710247,1.0,2164,304921,0.4129107999615371,block 1 of each class
block_disjoint,block1,svm_rbf,full,body_centred,0,76,24,1662,0.9583333333333334,0.9583333333333334,0.9580419580419581,0.958041958041958,1.0,0.7975777375115778,0.992606734645195,-1,2715600,0.09610369987785816,block 1 of each class
block_disjoint,block1,svm_rbf,full,body_centred,1,76,24,1662,0.9583333333333334,0.9583333333333334,0.9580419580419581,0.958041958041958,1.0,0.7975777375115778,0.992606734645195,-1,2715600,0.08197639998979867,block 1 of each class
block_disjoint,block1,svm_rbf,full,body_centred,2,76,24,1662,0.9583333333333334,0.9583333333333334,0.9580419580419581,0.958041958041958,1.0,0.7975777375115778,0.992606734645195,-1,2715600,0.08125709998421371,block 1 of each class
block_disjoint,block1,logreg,full,body_centred,0,76,24,1662,1.0,1.0,1.0,1.0,1.0,0.8620194241710247,1.0,26596,267085,0.10624390002340078,block 1 of each class
block_disjoint,block1,logreg,full,body_centred,1,76,24,1662,1.0,1.0,1.0,1.0,1.0,0.8620194241710247,1.0,26596,267085,0.10557099990546703,block 1 of each class
block_disjoint,block1,logreg,full,body_centred,2,76,24,1662,1.0,1.0,1.0,1.0,1.0,0.8620194241710247,1.0,26596,267085,0.1048545001540333,block 1 of each class
block_disjoint,block1,random_forest,pose_hands,body_centred,0,76,24,258,1.0,1.0,1.0,1.0,1.0,0.8620194241710247,1.0,2136,302190,0.39207369997166097,block 1 of each class
block_disjoint,block1,random_forest,pose_hands,body_centred,1,76,24,258,1.0,1.0,1.0,1.0,1.0,0.8620194241710247,1.0,2136,302196,0.37476489995606244,block 1 of each class
block_disjoint,block1,random_forest,pose_hands,body_centred,2,76,24,258,1.0,1.0,1.0,1.0,1.0,0.8620194241710247,1.0,2140,302584,0.3554015001282096,block 1 of each class
block_disjoint,block1,svm_rbf,pose_hands,body_centred,0,76,24,258,1.0,1.0,1.0,1.0,1.0,0.8620194241710247,1.0,-1,357991,0.012230100110173225,block 1 of each class
block_disjoint,block1,svm_rbf,pose_hands,body_centred,1,76,24,258,1.0,1.0,1.0,1.0,1.0,0.8620194241710247,1.0,-1,357991,0.012275600107386708,block 1 of each class
block_disjoint,block1,svm_rbf,pose_hands,body_centred,2,76,24,258,1.0,1.0,1.0,1.0,1.0,0.8620194241710247,1.0,-1,357991,0.012977599864825606,block 1 of each class
block_disjoint,block1,logreg,pose_hands,body_centred,0,76,24,258,1.0,1.0,1.0,1.0,1.0,0.8620194241710247,1.0,4132,42427,0.01387799996882677,block 1 of each class
block_disjoint,block1,logreg,pose_hands,body_centred,1,76,24,258,1.0,1.0,1.0,1.0,1.0,0.8620194241710247,1.0,4132,42427,0.013698599999770522,block 1 of each class
block_disjoint,block1,logreg,pose_hands,body_centred,2,76,24,258,1.0,1.0,1.0,1.0,1.0,0.8620194241710247,1.0,4132,42427,0.013373400084674358,block 1 of each class
block_disjoint,block1,random_forest,upper_pose_hands,body_centred,0,76,24,226,1.0,1.0,1.0,1.0,1.0,0.8620194241710247,1.0,2140,302586,0.3599177000578493,block 1 of each class
block_disjoint,block1,random_forest,upper_pose_hands,body_centred,1,76,24,226,1.0,1.0,1.0,1.0,1.0,0.8620194241710247,1.0,2158,304335,0.35999689996242523,block 1 of each class
block_disjoint,block1,random_forest,upper_pose_hands,body_centred,2,76,24,226,1.0,1.0,1.0,1.0,1.0,0.8620194241710247,1.0,2148,303358,0.3538460999261588,block 1 of each class
block_disjoint,block1,svm_rbf,upper_pose_hands,body_centred,0,76,24,226,1.0,1.0,1.0,1.0,1.0,0.8620194241710247,1.0,-1,284919,0.010908900061622262,block 1 of each class
block_disjoint,block1,svm_rbf,upper_pose_hands,body_centred,1,76,24,226,1.0,1.0,1.0,1.0,1.0,0.8620194241710247,1.0,-1,284919,0.010306900134310126,block 1 of each class
block_disjoint,block1,svm_rbf,upper_pose_hands,body_centred,2,76,24,226,1.0,1.0,1.0,1.0,1.0,0.8620194241710247,1.0,-1,284919,0.01031899987719953,block 1 of each class
block_disjoint,block1,logreg,upper_pose_hands,body_centred,0,76,24,226,1.0,1.0,1.0,1.0,1.0,0.8620194241710247,1.0,3620,37307,0.012887299992144108,block 1 of each class
block_disjoint,block1,logreg,upper_pose_hands,body_centred,1,76,24,226,1.0,1.0,1.0,1.0,1.0,0.8620194241710247,1.0,3620,37307,0.012619199929758906,block 1 of each class
block_disjoint,block1,logreg,upper_pose_hands,body_centred,2,76,24,226,1.0,1.0,1.0,1.0,1.0,0.8620194241710247,1.0,3620,37307,0.012817500159144402,block 1 of each class
block_disjoint,block1,random_forest,articulator_hands,body_centred,0,76,24,150,1.0,1.0,1.0,1.0,1.0,0.8620194241710247,1.0,2156,304146,0.3500710001681,block 1 of each class
block_disjoint,block1,random_forest,articulator_hands,body_centred,1,76,24,150,1.0,1.0,1.0,1.0,1.0,0.8620194241710247,1.0,2184,306867,0.38212840002961457,block 1 of each class
block_disjoint,block1,random_forest,articulator_hands,body_centred,2,76,24,150,1.0,1.0,1.0,1.0,1.0,0.8620194241710247,1.0,2172,305704,0.3588068000972271,block 1 of each class
block_disjoint,block1,svm_rbf,articulator_hands,body_centred,0,76,24,150,1.0,1.0,1.0,1.0,1.0,0.8620194241710247,1.0,-1,190071,0.00723500014282763,block 1 of each class
block_disjoint,block1,svm_rbf,articulator_hands,body_centred,1,76,24,150,1.0,1.0,1.0,1.0,1.0,0.8620194241710247,1.0,-1,190071,0.007091999985277653,block 1 of each class
block_disjoint,block1,svm_rbf,articulator_hands,body_centred,2,76,24,150,1.0,1.0,1.0,1.0,1.0,0.8620194241710247,1.0,-1,190071,0.007813999895006418,block 1 of each class
block_disjoint,block1,logreg,articulator_hands,body_centred,0,76,24,150,1.0,1.0,1.0,1.0,1.0,0.8620194241710247,1.0,2404,25147,0.01461569988168776,block 1 of each class
block_disjoint,block1,logreg,articulator_hands,body_centred,1,76,24,150,1.0,1.0,1.0,1.0,1.0,0.8620194241710247,1.0,2404,25147,0.011991800041869283,block 1 of each class
block_disjoint,block1,logreg,articulator_hands,body_centred,2,76,24,150,1.0,1.0,1.0,1.0,1.0,0.8620194241710247,1.0,2404,25147,0.013386999955400825,block 1 of each class
block_disjoint,block1,random_forest,hands,body_centred,0,76,24,126,1.0,1.0,1.0,1.0,1.0,0.8620194241710247,1.0,2202,308619,0.35933529981411994,block 1 of each class
block_disjoint,block1,random_forest,hands,body_centred,1,76,24,126,1.0,1.0,1.0,1.0,1.0,0.8620194241710247,1.0,2204,308814,0.35993919987231493,block 1 of each class
block_disjoint,block1,random_forest,hands,body_centred,2,76,24,126,1.0,1.0,1.0,1.0,1.0,0.8620194241710247,1.0,2196,308026,0.35975380009040236,block 1 of each class
block_disjoint,block1,svm_rbf,hands,body_centred,0,76,24,126,1.0,1.0,1.0,1.0,1.0,0.8620194241710247,1.0,-1,139819,0.0071570000145584345,block 1 of each class
block_disjoint,block1,svm_rbf,hands,body_centred,1,76,24,126,1.0,1.0,1.0,1.0,1.0,0.8620194241710247,1.0,-1,139819,0.006664799991995096,block 1 of each class
block_disjoint,block1,svm_rbf,hands,body_centred,2,76,24,126,1.0,1.0,1.0,1.0,1.0,0.8620194241710247,1.0,-1,139819,0.0066368000116199255,block 1 of each class
block_disjoint,block1,logreg,hands,body_centred,0,76,24,126,1.0,1.0,1.0,1.0,1.0,0.8620194241710247,1.0,2020,21307,0.0117747001349926,block 1 of each class
block_disjoint,block1,logreg,hands,body_centred,1,76,24,126,1.0,1.0,1.0,1.0,1.0,0.8620194241710247,1.0,2020,21307,0.012376500060781837,block 1 of each class
block_disjoint,block1,logreg,hands,body_centred,2,76,24,126,1.0,1.0,1.0,1.0,1.0,0.8620194241710247,1.0,2020,21307,0.012129199923947453,block 1 of each class
block_disjoint,block1,random_forest,dominant_hand,body_centred,0,76,24,63,1.0,1.0,1.0,1.0,1.0,0.8620194241710247,1.0,2170,304898,0.36229349998757243,block 1 of each class
block_disjoint,block1,random_forest,dominant_hand,body_centred,1,76,24,63,1.0,1.0,1.0,1.0,1.0,0.8620194241710247,1.0,2172,305090,0.3586631000507623,block 1 of each class
block_disjoint,block1,random_forest,dominant_hand,body_centred,2,76,24,63,1.0,1.0,1.0,1.0,1.0,0.8620194241710247,1.0,2168,304701,0.3812412000261247,block 1 of each class
block_disjoint,block1,svm_rbf,dominant_hand,body_centred,0,76,24,63,1.0,1.0,1.0,1.0,1.0,0.8620194241710247,1.0,-1,63083,0.0042953998781740665,block 1 of each class
block_disjoint,block1,svm_rbf,dominant_hand,body_centred,1,76,24,63,1.0,1.0,1.0,1.0,1.0,0.8620194241710247,1.0,-1,63083,0.004115500021725893,block 1 of each class
block_disjoint,block1,svm_rbf,dominant_hand,body_centred,2,76,24,63,1.0,1.0,1.0,1.0,1.0,0.8620194241710247,1.0,-1,63083,0.004805200034752488,block 1 of each class
block_disjoint,block1,logreg,dominant_hand,body_centred,0,76,24,63,1.0,1.0,1.0,1.0,1.0,0.8620194241710247,1.0,1012,11221,0.00955230020917952,block 1 of each class
block_disjoint,block1,logreg,dominant_hand,body_centred,1,76,24,63,1.0,1.0,1.0,1.0,1.0,0.8620194241710247,1.0,1012,11221,0.006626100046560168,block 1 of each class
block_disjoint,block1,logreg,dominant_hand,body_centred,2,76,24,63,1.0,1.0,1.0,1.0,1.0,0.8620194241710247,1.0,1012,11221,0.006725500104948878,block 1 of each class
block_disjoint,block1,random_forest,face,body_centred,0,76,24,1404,0.9583333333333334,0.9583333333333334,0.9580419580419581,0.958041958041958,1.0,0.7975777375115778,0.992606734645195,3670,450318,0.4039336000569165,block 1 of each class
block_disjoint,block1,random_forest,face,body_centred,1,76,24,1404,0.9583333333333334,0.9583333333333334,0.9580419580419581,0.958041958041958,1.0,0.7975777375115778,0.992606734645195,3620,445521,0.5371014000847936,block 1 of each class
block_disjoint,block1,random_forest,face,body_centred,2,76,24,1404,0.9583333333333334,0.9583333333333334,0.9580419580419581,0.958041958041958,1.0,0.7975777375115778,0.992606734645195,3632,446668,0.5158354002051055,block 1 of each class
block_disjoint,block1,svm_rbf,face,body_centred,0,76,24,1404,0.9583333333333334,0.9583333333333334,0.9580419580419581,0.958041958041958,1.0,0.7975777375115778,0.992606734645195,-1,2654192,0.1056391999591142,block 1 of each class
block_disjoint,block1,svm_rbf,face,body_centred,1,76,24,1404,0.9583333333333334,0.9583333333333334,0.9580419580419581,0.958041958041958,1.0,0.7975777375115778,0.992606734645195,-1,2654192,0.07493759994395077,block 1 of each class
block_disjoint,block1,svm_rbf,face,body_centred,2,76,24,1404,0.9583333333333334,0.9583333333333334,0.9580419580419581,0.958041958041958,1.0,0.7975777375115778,0.992606734645195,-1,2654192,0.07944369991309941,block 1 of each class
block_disjoint,block1,logreg,face,body_centred,0,76,24,1404,0.9583333333333334,0.9583333333333334,0.9580419580419581,0.958041958041958,1.0,0.7975777375115778,0.992606734645195,22468,225805,0.4361960000824183,block 1 of each class
block_disjoint,block1,logreg,face,body_centred,1,76,24,1404,0.9583333333333334,0.9583333333333334,0.9580419580419581,0.958041958041958,1.0,0.7975777375115778,0.992606734645195,22468,225805,0.4122565998695791,block 1 of each class
block_disjoint,block1,logreg,face,body_centred,2,76,24,1404,0.9583333333333334,0.9583333333333334,0.9580419580419581,0.958041958041958,1.0,0.7975777375115778,0.992606734645195,22468,225805,0.4919167999178171,block 1 of each class
block_disjoint,block2,random_forest,full,body_centred,0,76,24,1662,1.0,1.0,1.0,1.0,1.0,0.8620194241710247,1.0,2150,303555,0.4954717999789864,block 2 of each class
block_disjoint,block2,random_forest,full,body_centred,1,76,24,1662,1.0,1.0,1.0,1.0,1.0,0.8620194241710247,1.0,2152,303747,0.4596065999940038,block 2 of each class
block_disjoint,block2,random_forest,full,body_centred,2,76,24,1662,1.0,1.0,1.0,1.0,1.0,0.8620194241710247,1.0,2160,304528,0.4615381001494825,block 2 of each class
block_disjoint,block2,svm_rbf,full,body_centred,0,76,24,1662,1.0,1.0,1.0,1.0,1.0,0.8620194241710247,1.0,-1,2555964,0.08507679984904826,block 2 of each class
block_disjoint,block2,svm_rbf,full,body_centred,1,76,24,1662,1.0,1.0,1.0,1.0,1.0,0.8620194241710247,1.0,-1,2555964,0.08440569997765124,block 2 of each class
block_disjoint,block2,svm_rbf,full,body_centred,2,76,24,1662,1.0,1.0,1.0,1.0,1.0,0.8620194241710247,1.0,-1,2555964,0.08963990001939237,block 2 of each class
block_disjoint,block2,logreg,full,body_centred,0,76,24,1662,1.0,1.0,1.0,1.0,1.0,0.8620194241710247,1.0,26596,267085,0.11864889995194972,block 2 of each class
block_disjoint,block2,logreg,full,body_centred,1,76,24,1662,1.0,1.0,1.0,1.0,1.0,0.8620194241710247,1.0,26596,267085,0.11114639998413622,block 2 of each class
block_disjoint,block2,logreg,full,body_centred,2,76,24,1662,1.0,1.0,1.0,1.0,1.0,0.8620194241710247,1.0,26596,267085,0.11289769993163645,block 2 of each class
block_disjoint,block2,random_forest,pose_hands,body_centred,0,76,24,258,1.0,1.0,1.0,1.0,1.0,0.8620194241710247,1.0,2126,301221,0.4262214999180287,block 2 of each class
block_disjoint,block2,random_forest,pose_hands,body_centred,1,76,24,258,1.0,1.0,1.0,1.0,1.0,0.8620194241710247,1.0,2132,301806,0.3844119000714272,block 2 of each class
block_disjoint,block2,random_forest,pose_hands,body_centred,2,76,24,258,1.0,1.0,1.0,1.0,1.0,0.8620194241710247,1.0,2134,301999,0.4369560999330133,block 2 of each class
block_disjoint,block2,svm_rbf,pose_hands,body_centred,0,76,24,258,1.0,1.0,1.0,1.0,1.0,0.8620194241710247,1.0,-1,349707,0.01045559998601675,block 2 of each class
block_disjoint,block2,svm_rbf,pose_hands,body_centred,1,76,24,258,1.0,1.0,1.0,1.0,1.0,0.8620194241710247,1.0,-1,349707,0.01282800012268126,block 2 of each class
block_disjoint,block2,svm_rbf,pose_hands,body_centred,2,76,24,258,1.0,1.0,1.0,1.0,1.0,0.8620194241710247,1.0,-1,349707,0.011386899976059794,block 2 of each class
block_disjoint,block2,logreg,pose_hands,body_centred,0,76,24,258,1.0,1.0,1.0,1.0,1.0,0.8620194241710247,1.0,4132,42427,0.015591199975460768,block 2 of each class
block_disjoint,block2,logreg,pose_hands,body_centred,1,76,24,258,1.0,1.0,1.0,1.0,1.0,0.8620194241710247,1.0,4132,42427,0.016695199999958277,block 2 of each class
block_disjoint,block2,logreg,pose_hands,body_centred,2,76,24,258,1.0,1.0,1.0,1.0,1.0,0.8620194241710247,1.0,4132,42427,0.01732579991221428,block 2 of each class
block_disjoint,block2,random_forest,upper_pose_hands,body_centred,0,76,24,226,1.0,1.0,1.0,1.0,1.0,0.8620194241710247,1.0,2154,303951,0.4154236000031233,block 2 of each class
block_disjoint,block2,random_forest,upper_pose_hands,body_centred,1,76,24,226,1.0,1.0,1.0,1.0,1.0,0.8620194241710247,1.0,2162,304719,0.4190358000341803,block 2 of each class
block_disjoint,block2,random_forest,upper_pose_hands,body_centred,2,76,24,226,1.0,1.0,1.0,1.0,1.0,0.8620194241710247,1.0,2140,302584,0.4562621000222862,block 2 of each class
block_disjoint,block2,svm_rbf,upper_pose_hands,body_centred,0,76,24,226,1.0,1.0,1.0,1.0,1.0,0.8620194241710247,1.0,-1,299439,0.012198999989777803,block 2 of each class
block_disjoint,block2,svm_rbf,upper_pose_hands,body_centred,1,76,24,226,1.0,1.0,1.0,1.0,1.0,0.8620194241710247,1.0,-1,299439,0.012886099983006716,block 2 of each class
block_disjoint,block2,svm_rbf,upper_pose_hands,body_centred,2,76,24,226,1.0,1.0,1.0,1.0,1.0,0.8620194241710247,1.0,-1,299439,0.011854999931529164,block 2 of each class
block_disjoint,block2,logreg,upper_pose_hands,body_centred,0,76,24,226,1.0,1.0,1.0,1.0,1.0,0.8620194241710247,1.0,3620,37307,0.017224699957296252,block 2 of each class
block_disjoint,block2,logreg,upper_pose_hands,body_centred,1,76,24,226,1.0,1.0,1.0,1.0,1.0,0.8620194241710247,1.0,3620,37307,0.01620109984651208,block 2 of each class
block_disjoint,block2,logreg,upper_pose_hands,body_centred,2,76,24,226,1.0,1.0,1.0,1.0,1.0,0.8620194241710247,1.0,3620,37307,0.016172499861568213,block 2 of each class
block_disjoint,block2,random_forest,articulator_hands,body_centred,0,76,24,150,1.0,1.0,1.0,1.0,1.0,0.8620194241710247,1.0,2160,304533,0.3993384998757392,block 2 of each class
block_disjoint,block2,random_forest,articulator_hands,body_centred,1,76,24,150,1.0,1.0,1.0,1.0,1.0,0.8620194241710247,1.0,2178,306291,0.40316090011037886,block 2 of each class
block_disjoint,block2,random_forest,articulator_hands,body_centred,2,76,24,150,1.0,1.0,1.0,1.0,1.0,0.8620194241710247,1.0,2182,306673,0.38020070013590157,block 2 of each class
block_disjoint,block2,svm_rbf,articulator_hands,body_centred,0,76,24,150,1.0,1.0,1.0,1.0,1.0,0.8620194241710247,1.0,-1,165931,0.006990799913182855,block 2 of each class
block_disjoint,block2,svm_rbf,articulator_hands,body_centred,1,76,24,150,1.0,1.0,1.0,1.0,1.0,0.8620194241710247,1.0,-1,165931,0.007047200109809637,block 2 of each class
block_disjoint,block2,svm_rbf,articulator_hands,body_centred,2,76,24,150,1.0,1.0,1.0,1.0,1.0,0.8620194241710247,1.0,-1,165931,0.0073645999655127525,block 2 of each class
block_disjoint,block2,logreg,articulator_hands,body_centred,0,76,24,150,1.0,1.0,1.0,1.0,1.0,0.8620194241710247,1.0,2404,25147,0.01489760004915297,block 2 of each class
block_disjoint,block2,logreg,articulator_hands,body_centred,1,76,24,150,1.0,1.0,1.0,1.0,1.0,0.8620194241710247,1.0,2404,25147,0.015400900039821863,block 2 of each class
block_disjoint,block2,logreg,articulator_hands,body_centred,2,76,24,150,1.0,1.0,1.0,1.0,1.0,0.8620194241710247,1.0,2404,25147,0.013596999924629927,block 2 of each class
block_disjoint,block2,random_forest,hands,body_centred,0,76,24,126,1.0,1.0,1.0,1.0,1.0,0.8620194241710247,1.0,2198,308229,0.5289004000369459,block 2 of each class
block_disjoint,block2,random_forest,hands,body_centred,1,76,24,126,1.0,1.0,1.0,1.0,1.0,0.8620194241710247,1.0,2198,308238,0.5849204999394715,block 2 of each class
block_disjoint,block2,random_forest,hands,body_centred,2,76,24,126,1.0,1.0,1.0,1.0,1.0,0.8620194241710247,1.0,2178,306283,0.42187059996649623,block 2 of each class
block_disjoint,block2,svm_rbf,hands,body_centred,0,76,24,126,1.0,1.0,1.0,1.0,1.0,0.8620194241710247,1.0,-1,123579,0.006387300090864301,block 2 of each class
block_disjoint,block2,svm_rbf,hands,body_centred,1,76,24,126,1.0,1.0,1.0,1.0,1.0,0.8620194241710247,1.0,-1,123579,0.006392699899151921,block 2 of each class
block_disjoint,block2,svm_rbf,hands,body_centred,2,76,24,126,1.0,1.0,1.0,1.0,1.0,0.8620194241710247,1.0,-1,123579,0.006252099992707372,block 2 of each class
block_disjoint,block2,logreg,hands,body_centred,0,76,24,126,1.0,1.0,1.0,1.0,1.0,0.8620194241710247,1.0,2020,21307,0.01254180003888905,block 2 of each class
block_disjoint,block2,logreg,hands,body_centred,1,76,24,126,1.0,1.0,1.0,1.0,1.0,0.8620194241710247,1.0,2020,21307,0.011548199923709035,block 2 of each class
block_disjoint,block2,logreg,hands,body_centred,2,76,24,126,1.0,1.0,1.0,1.0,1.0,0.8620194241710247,1.0,2020,21307,0.01152379997074604,block 2 of each class
block_disjoint,block2,random_forest,dominant_hand,body_centred,0,76,24,63,1.0,1.0,1.0,1.0,1.0,0.8620194241710247,1.0,2166,304514,0.3936892000492662,block 2 of each class
block_disjoint,block2,random_forest,dominant_hand,body_centred,1,76,24,63,1.0,1.0,1.0,1.0,1.0,0.8620194241710247,1.0,2178,305672,0.3822707999497652,block 2 of each class
block_disjoint,block2,random_forest,dominant_hand,body_centred,2,76,24,63,1.0,1.0,1.0,1.0,1.0,0.8620194241710247,1.0,2146,302565,0.4310380001552403,block 2 of each class
block_disjoint,block2,svm_rbf,dominant_hand,body_centred,0,76,24,63,1.0,1.0,1.0,1.0,1.0,0.8620194241710247,1.0,-1,67180,0.0048899000976234674,block 2 of each class
block_disjoint,block2,svm_rbf,dominant_hand,body_centred,1,76,24,63,1.0,1.0,1.0,1.0,1.0,0.8620194241710247,1.0,-1,67180,0.006516899913549423,block 2 of each class
block_disjoint,block2,svm_rbf,dominant_hand,body_centred,2,76,24,63,1.0,1.0,1.0,1.0,1.0,0.8620194241710247,1.0,-1,67180,0.006304200040176511,block 2 of each class
block_disjoint,block2,logreg,dominant_hand,body_centred,0,76,24,63,1.0,1.0,1.0,1.0,1.0,0.8620194241710247,1.0,1012,11221,0.010380899999290705,block 2 of each class
block_disjoint,block2,logreg,dominant_hand,body_centred,1,76,24,63,1.0,1.0,1.0,1.0,1.0,0.8620194241710247,1.0,1012,11221,0.009695000015199184,block 2 of each class
block_disjoint,block2,logreg,dominant_hand,body_centred,2,76,24,63,1.0,1.0,1.0,1.0,1.0,0.8620194241710247,1.0,1012,11221,0.007762500084936619,block 2 of each class
block_disjoint,block2,random_forest,face,body_centred,0,76,24,1404,0.7916666666666666,0.7916666666666666,0.7902097902097902,0.7902097902097903,0.875,0.5952915551476452,0.9075531089521192,2876,373944,0.4958848999813199,block 2 of each class
block_disjoint,block2,random_forest,face,body_centred,1,76,24,1404,0.7916666666666666,0.7916666666666666,0.7902097902097902,0.7902097902097903,0.875,0.5952915551476452,0.9075531089521192,2850,371451,0.389881799928844,block 2 of each class
block_disjoint,block2,random_forest,face,body_centred,2,76,24,1404,0.7916666666666666,0.7916666666666666,0.7902097902097902,0.7902097902097903,0.875,0.5952915551476452,0.9075531089521192,2936,379741,0.4077686998061836,block 2 of each class
block_disjoint,block2,svm_rbf,face,body_centred,0,76,24,1404,0.8333333333333334,0.8333333333333334,0.8285714285714286,0.8285714285714286,0.9583333333333334,0.6414652961213058,0.9332143199927109,-1,2294544,0.05980629986152053,block 2 of each class
block_disjoint,block2,svm_rbf,face,body_centred,1,76,24,1404,0.8333333333333334,0.8333333333333334,0.8285714285714286,0.8285714285714286,0.9583333333333334,0.6414652961213058,0.9332143199927109,-1,2294544,0.05680950009264052,block 2 of each class
block_disjoint,block2,svm_rbf,face,body_centred,2,76,24,1404,0.8333333333333334,0.8333333333333334,0.8285714285714286,0.8285714285714286,0.9583333333333334,0.6414652961213058,0.9332143199927109,-1,2294544,0.05729019991122186,block 2 of each class
block_disjoint,block2,logreg,face,body_centred,0,76,24,1404,0.8333333333333334,0.8333333333333334,0.8230769230769232,0.8230769230769232,0.9583333333333334,0.6414652961213058,0.9332143199927109,22468,225805,0.24186470010317862,block 2 of each class
block_disjoint,block2,logreg,face,body_centred,1,76,24,1404,0.8333333333333334,0.8333333333333334,0.8230769230769232,0.8230769230769232,0.9583333333333334,0.6414652961213058,0.9332143199927109,22468,225805,0.23791310004889965,block 2 of each class
block_disjoint,block2,logreg,face,body_centred,2,76,24,1404,0.8333333333333334,0.8333333333333334,0.8230769230769232,0.8230769230769232,0.9583333333333334,0.6414652961213058,0.9332143199927109,22468,225805,0.23764010006561875,block 2 of each class
block_disjoint,block3,random_forest,full,body_centred,0,76,24,1662,1.0,1.0,1.0,1.0,1.0,0.8620194241710247,1.0,2144,302973,0.42424420011229813,block 3 of each class
block_disjoint,block3,random_forest,full,body_centred,1,76,24,1662,1.0,1.0,1.0,1.0,1.0,0.8620194241710247,1.0,2146,303168,0.39868089999072254,block 3 of each class
block_disjoint,block3,random_forest,full,body_centred,2,76,24,1662,0.9583333333333334,0.9583333333333334,0.9580419580419581,0.958041958041958,1.0,0.7975777375115778,0.992606734645195,2142,302776,0.40725109982304275,block 3 of each class
block_disjoint,block3,svm_rbf,full,body_centred,0,76,24,1662,1.0,1.0,1.0,1.0,1.0,0.8620194241710247,1.0,-1,2555964,0.07625569985248148,block 3 of each class
block_disjoint,block3,svm_rbf,full,body_centred,1,76,24,1662,0.9583333333333334,0.9583333333333334,0.9580419580419581,0.958041958041958,1.0,0.7975777375115778,0.992606734645195,-1,2555964,0.07773760007694364,block 3 of each class
block_disjoint,block3,svm_rbf,full,body_centred,2,76,24,1662,1.0,1.0,1.0,1.0,1.0,0.8620194241710247,1.0,-1,2555964,0.07433700002729893,block 3 of each class
block_disjoint,block3,logreg,full,body_centred,0,76,24,1662,1.0,1.0,1.0,1.0,1.0,0.8620194241710247,1.0,26596,267085,0.10218439996242523,block 3 of each class
block_disjoint,block3,logreg,full,body_centred,1,76,24,1662,1.0,1.0,1.0,1.0,1.0,0.8620194241710247,1.0,26596,267085,0.09796949988231063,block 3 of each class
block_disjoint,block3,logreg,full,body_centred,2,76,24,1662,1.0,1.0,1.0,1.0,1.0,0.8620194241710247,1.0,26596,267085,0.10424269991926849,block 3 of each class
block_disjoint,block3,random_forest,pose_hands,body_centred,0,76,24,258,1.0,1.0,1.0,1.0,1.0,0.8620194241710247,1.0,2128,301413,0.356566300150007,block 3 of each class
block_disjoint,block3,random_forest,pose_hands,body_centred,1,76,24,258,1.0,1.0,1.0,1.0,1.0,0.8620194241710247,1.0,2128,301413,0.3661092999391258,block 3 of each class
block_disjoint,block3,random_forest,pose_hands,body_centred,2,76,24,258,1.0,1.0,1.0,1.0,1.0,0.8620194241710247,1.0,2126,301216,0.4321339998859912,block 3 of each class
block_disjoint,block3,svm_rbf,pose_hands,body_centred,0,76,24,258,1.0,1.0,1.0,1.0,1.0,0.8620194241710247,1.0,-1,349707,0.010344699956476688,block 3 of each class
block_disjoint,block3,svm_rbf,pose_hands,body_centred,1,76,24,258,1.0,1.0,1.0,1.0,1.0,0.8620194241710247,1.0,-1,349707,0.010851999977603555,block 3 of each class
block_disjoint,block3,svm_rbf,pose_hands,body_centred,2,76,24,258,1.0,1.0,1.0,1.0,1.0,0.8620194241710247,1.0,-1,349707,0.011613300070166588,block 3 of each class
block_disjoint,block3,logreg,pose_hands,body_centred,0,76,24,258,1.0,1.0,1.0,1.0,1.0,0.8620194241710247,1.0,4132,42427,0.014509599888697267,block 3 of each class
block_disjoint,block3,logreg,pose_hands,body_centred,1,76,24,258,1.0,1.0,1.0,1.0,1.0,0.8620194241710247,1.0,4132,42427,0.01322360010817647,block 3 of each class
block_disjoint,block3,logreg,pose_hands,body_centred,2,76,24,258,1.0,1.0,1.0,1.0,1.0,0.8620194241710247,1.0,4132,42427,0.013949299929663539,block 3 of each class
block_disjoint,block3,random_forest,upper_pose_hands,body_centred,0,76,24,226,1.0,1.0,1.0,1.0,1.0,0.8620194241710247,1.0,2148,303363,0.3985039999242872,block 3 of each class
block_disjoint,block3,random_forest,upper_pose_hands,body_centred,1,76,24,226,1.0,1.0,1.0,1.0,1.0,0.8620194241710247,1.0,2140,302580,0.4216199000366032,block 3 of each class
block_disjoint,block3,random_forest,upper_pose_hands,body_centred,2,76,24,226,1.0,1.0,1.0,1.0,1.0,0.8620194241710247,1.0,2122,300829,0.3721747000236064,block 3 of each class
block_disjoint,block3,svm_rbf,upper_pose_hands,body_centred,0,76,24,226,1.0,1.0,1.0,1.0,1.0,0.8620194241710247,1.0,-1,292179,0.013835899997502565,block 3 of each class
block_disjoint,block3,svm_rbf,upper_pose_hands,body_centred,1,76,24,226,1.0,1.0,1.0,1.0,1.0,0.8620194241710247,1.0,-1,292179,0.012476899893954396,block 3 of each class
block_disjoint,block3,svm_rbf,upper_pose_hands,body_centred,2,76,24,226,1.0,1.0,1.0,1.0,1.0,0.8620194241710247,1.0,-1,292179,0.011839000042527914,block 3 of each class
block_disjoint,block3,logreg,upper_pose_hands,body_centred,0,76,24,226,1.0,1.0,1.0,1.0,1.0,0.8620194241710247,1.0,3620,37307,0.014061999972909689,block 3 of each class
block_disjoint,block3,logreg,upper_pose_hands,body_centred,1,76,24,226,1.0,1.0,1.0,1.0,1.0,0.8620194241710247,1.0,3620,37307,0.013683099998161197,block 3 of each class
block_disjoint,block3,logreg,upper_pose_hands,body_centred,2,76,24,226,1.0,1.0,1.0,1.0,1.0,0.8620194241710247,1.0,3620,37307,0.013676600065082312,block 3 of each class
block_disjoint,block3,random_forest,articulator_hands,body_centred,0,76,24,150,1.0,1.0,1.0,1.0,1.0,0.8620194241710247,1.0,2142,302778,0.37641240004450083,block 3 of each class
block_disjoint,block3,random_forest,articulator_hands,body_centred,1,76,24,150,1.0,1.0,1.0,1.0,1.0,0.8620194241710247,1.0,2148,303360,0.36166310007683933,block 3 of each class
block_disjoint,block3,random_forest,articulator_hands,body_centred,2,76,24,150,1.0,1.0,1.0,1.0,1.0,0.8620194241710247,1.0,2144,302974,0.35967559996061027,block 3 of each class
block_disjoint,block3,svm_rbf,articulator_hands,body_centred,0,76,24,150,1.0,1.0,1.0,1.0,1.0,0.8620194241710247,1.0,-1,190071,0.008621599990874529,block 3 of each class
block_disjoint,block3,svm_rbf,articulator_hands,body_centred,1,76,24,150,1.0,1.0,1.0,1.0,1.0,0.8620194241710247,1.0,-1,190071,0.0087632997892797,block 3 of each class
block_disjoint,block3,svm_rbf,articulator_hands,body_centred,2,76,24,150,1.0,1.0,1.0,1.0,1.0,0.8620194241710247,1.0,-1,190071,0.009256899822503328,block 3 of each class
block_disjoint,block3,logreg,articulator_hands,body_centred,0,76,24,150,1.0,1.0,1.0,1.0,1.0,0.8620194241710247,1.0,2404,25147,0.0167261001188308,block 3 of each class
block_disjoint,block3,logreg,articulator_hands,body_centred,1,76,24,150,1.0,1.0,1.0,1.0,1.0,0.8620194241710247,1.0,2404,25147,0.014323200099170208,block 3 of each class
block_disjoint,block3,logreg,articulator_hands,body_centred,2,76,24,150,1.0,1.0,1.0,1.0,1.0,0.8620194241710247,1.0,2404,25147,0.01445249980315566,block 3 of each class
block_disjoint,block3,random_forest,hands,body_centred,0,76,24,126,1.0,1.0,1.0,1.0,1.0,0.8620194241710247,1.0,2166,305112,0.3765658000484109,block 3 of each class
block_disjoint,block3,random_forest,hands,body_centred,1,76,24,126,0.9583333333333334,0.9583333333333334,0.9580419580419581,0.958041958041958,1.0,0.7975777375115778,0.992606734645195,2150,303558,0.37346739997155964,block 3 of each class
block_disjoint,block3,random_forest,hands,body_centred,2,76,24,126,0.9583333333333334,0.9583333333333334,0.9580419580419581,0.958041958041958,1.0,0.7975777375115778,0.992606734645195,2158,304336,0.36112169991247356,block 3 of each class
block_disjoint,block3,svm_rbf,hands,body_centred,0,76,24,126,1.0,1.0,1.0,1.0,1.0,0.8620194241710247,1.0,-1,143879,0.006946299923583865,block 3 of each class
block_disjoint,block3,svm_rbf,hands,body_centred,1,76,24,126,1.0,1.0,1.0,1.0,1.0,0.8620194241710247,1.0,-1,143879,0.006967599969357252,block 3 of each class
block_disjoint,block3,svm_rbf,hands,body_centred,2,76,24,126,1.0,1.0,1.0,1.0,1.0,0.8620194241710247,1.0,-1,143879,0.006556399865075946,block 3 of each class
block_disjoint,block3,logreg,hands,body_centred,0,76,24,126,1.0,1.0,1.0,1.0,1.0,0.8620194241710247,1.0,2020,21307,0.01246159989386797,block 3 of each class
block_disjoint,block3,logreg,hands,body_centred,1,76,24,126,1.0,1.0,1.0,1.0,1.0,0.8620194241710247,1.0,2020,21307,0.011795599944889545,block 3 of each class
block_disjoint,block3,logreg,hands,body_centred,2,76,24,126,1.0,1.0,1.0,1.0,1.0,0.8620194241710247,1.0,2020,21307,0.012195500079542398,block 3 of each class
block_disjoint,block3,random_forest,dominant_hand,body_centred,0,76,24,63,1.0,1.0,1.0,1.0,1.0,0.8620194241710247,1.0,2140,301979,0.35068770009092987,block 3 of each class
block_disjoint,block3,random_forest,dominant_hand,body_centred,1,76,24,63,1.0,1.0,1.0,1.0,1.0,0.8620194241710247,1.0,2142,302180,0.37182049988768995,block 3 of each class
block_disjoint,block3,random_forest,dominant_hand,body_centred,2,76,24,63,1.0,1.0,1.0,1.0,1.0,0.8620194241710247,1.0,2140,301980,0.3676273000892252,block 3 of each class
block_disjoint,block3,svm_rbf,dominant_hand,body_centred,0,76,24,63,1.0,1.0,1.0,1.0,1.0,0.8620194241710247,1.0,-1,73312,0.004738999996334314,block 3 of each class
block_disjoint,block3,svm_rbf,dominant_hand,body_centred,1,76,24,63,1.0,1.0,1.0,1.0,1.0,0.8620194241710247,1.0,-1,73312,0.004851400153711438,block 3 of each class
block_disjoint,block3,svm_rbf,dominant_hand,body_centred,2,76,24,63,1.0,1.0,1.0,1.0,1.0,0.8620194241710247,1.0,-1,73312,0.005461099790409207,block 3 of each class
block_disjoint,block3,logreg,dominant_hand,body_centred,0,76,24,63,1.0,1.0,1.0,1.0,1.0,0.8620194241710247,1.0,1012,11221,0.007924299919977784,block 3 of each class
block_disjoint,block3,logreg,dominant_hand,body_centred,1,76,24,63,1.0,1.0,1.0,1.0,1.0,0.8620194241710247,1.0,1012,11221,0.006318600149825215,block 3 of each class
block_disjoint,block3,logreg,dominant_hand,body_centred,2,76,24,63,1.0,1.0,1.0,1.0,1.0,0.8620194241710247,1.0,1012,11221,0.01117000007070601,block 3 of each class
block_disjoint,block3,random_forest,face,body_centred,0,76,24,1404,0.7083333333333334,0.7083333333333334,0.6853896103896104,0.6853896103896103,1.0,0.508319363412903,0.8508553966583573,3068,392457,0.38184729986824095,block 3 of each class
block_disjoint,block3,random_forest,face,body_centred,1,76,24,1404,0.7916666666666666,0.7916666666666667,0.7867965367965368,0.7867965367965367,1.0,0.5952915551476452,0.9075531089521192,3032,388983,0.41031969990581274,block 3 of each class
block_disjoint,block3,random_forest,face,body_centred,2,76,24,1404,0.7083333333333334,0.7083333333333333,0.7023310023310024,0.7023310023310024,1.0,0.508319363412903,0.8508553966583573,3030,388780,0.3995640999637544,block 3 of each class
block_disjoint,block3,svm_rbf,face,body_centred,0,76,24,1404,0.8333333333333334,0.8333333333333333,0.8285714285714286,0.8285714285714286,1.0,0.6414652961213058,0.9332143199927109,-1,2384456,0.06166770006529987,block 3 of each class
block_disjoint,block3,svm_rbf,face,body_centred,1,76,24,1404,0.8333333333333334,0.8333333333333333,0.8285714285714286,0.8285714285714286,1.0,0.6414652961213058,0.9332143199927109,-1,2384456,0.06537139997817576,block 3 of each class
block_disjoint,block3,svm_rbf,face,body_centred,2,76,24,1404,0.7916666666666666,0.7916666666666666,0.7809523809523811,0.780952380952381,1.0,0.5952915551476452,0.9075531089521192,-1,2384456,0.06499829981476068,block 3 of each class
block_disjoint,block3,logreg,face,body_centred,0,76,24,1404,0.75,0.7499999999999999,0.7541666666666667,0.7541666666666668,1.0,0.5510017468789357,0.8800079652065766,22468,225805,0.11689349985681474,block 3 of each class
block_disjoint,block3,logreg,face,body_centred,1,76,24,1404,0.75,0.7499999999999999,0.7541666666666667,0.7541666666666668,1.0,0.5510017468789357,0.8800079652065766,22468,225805,0.11472199996933341,block 3 of each class
block_disjoint,block3,logreg,face,body_centred,2,76,24,1404,0.75,0.7499999999999999,0.7541666666666667,0.7541666666666668,1.0,0.5510017468789357,0.8800079652065766,22468,225805,0.1827771000098437,block 3 of each class
block_disjoint,block4,random_forest,full,body_centred,0,76,24,1662,1.0,1.0,1.0,1.0,1.0,0.8620194241710247,1.0,2146,303165,0.4218375999480486,block 4 of each class
block_disjoint,block4,random_forest,full,body_centred,1,76,24,1662,1.0,1.0,1.0,1.0,1.0,0.8620194241710247,1.0,2144,302970,0.4254794002044946,block 4 of each class
block_disjoint,block4,random_forest,full,body_centred,2,76,24,1662,1.0,1.0,1.0,1.0,1.0,0.8620194241710247,1.0,2140,302578,0.4098074999637902,block 4 of each class
block_disjoint,block4,svm_rbf,full,body_centred,0,76,24,1662,0.9583333333333334,0.9583333333333334,0.9580419580419581,0.958041958041958,1.0,0.7975777375115778,0.992606734645195,-1,2555964,0.07452659984119236,block 4 of each class
block_disjoint,block4,svm_rbf,full,body_centred,1,76,24,1662,0.9583333333333334,0.9583333333333334,0.9580419580419581,0.958041958041958,1.0,0.7975777375115778,0.992606734645195,-1,2555964,0.0752671998925507,block 4 of each class
block_disjoint,block4,svm_rbf,full,body_centred,2,76,24,1662,0.9583333333333334,0.9583333333333334,0.9580419580419581,0.958041958041958,1.0,0.7975777375115778,0.992606734645195,-1,2555964,0.07998990011401474,block 4 of each class
block_disjoint,block4,logreg,full,body_centred,0,76,24,1662,0.9166666666666666,0.9166666666666666,0.9142857142857143,0.9142857142857143,1.0,0.741507847985494,0.9768416721570266,26596,267085,0.11195120005868375,block 4 of each class
block_disjoint,block4,logreg,full,body_centred,1,76,24,1662,0.9166666666666666,0.9166666666666666,0.9142857142857143,0.9142857142857143,1.0,0.741507847985494,0.9768416721570266,26596,267085,0.10335220000706613,block 4 of each class
block_disjoint,block4,logreg,full,body_centred,2,76,24,1662,0.9166666666666666,0.9166666666666666,0.9142857142857143,0.9142857142857143,1.0,0.741507847985494,0.9768416721570266,26596,267085,0.10830059996806085,block 4 of each class
block_disjoint,block4,random_forest,pose_hands,body_centred,0,76,24,258,1.0,1.0,1.0,1.0,1.0,0.8620194241710247,1.0,2124,301023,0.3695956999436021,block 4 of each class
block_disjoint,block4,random_forest,pose_hands,body_centred,1,76,24,258,1.0,1.0,1.0,1.0,1.0,0.8620194241710247,1.0,2126,301221,0.3661424999590963,block 4 of each class
block_disjoint,block4,random_forest,pose_hands,body_centred,2,76,24,258,1.0,1.0,1.0,1.0,1.0,0.8620194241710247,1.0,2116,300244,0.3712012998294085,block 4 of each class
block_disjoint,block4,svm_rbf,pose_hands,body_centred,0,76,24,258,0.9583333333333334,0.9583333333333334,0.9580419580419581,0.958041958041958,0.9583333333333334,0.7975777375115778,0.992606734645195,-1,382843,0.011004000203683972,block 4 of each class
block_disjoint,block4,svm_rbf,pose_hands,body_centred,1,76,24,258,0.9583333333333334,0.9583333333333334,0.9580419580419581,0.958041958041958,0.9583333333333334,0.7975777375115778,0.992606734645195,-1,382843,0.01149880001321435,block 4 of each class
block_disjoint,block4,svm_rbf,pose_hands,body_centred,2,76,24,258,0.9583333333333334,0.9583333333333334,0.9580419580419581,0.958041958041958,0.9583333333333334,0.7975777375115778,0.992606734645195,-1,382843,0.012224100064486265,block 4 of each class
block_disjoint,block4,logreg,pose_hands,body_centred,0,76,24,258,0.9583333333333334,0.9583333333333334,0.9580419580419581,0.958041958041958,1.0,0.7975777375115778,0.992606734645195,4132,42427,0.01729520014487207,block 4 of each class
block_disjoint,block4,logreg,pose_hands,body_centred,1,76,24,258,0.9583333333333334,0.9583333333333334,0.9580419580419581,0.958041958041958,1.0,0.7975777375115778,0.992606734645195,4132,42427,0.01503230002708733,block 4 of each class
block_disjoint,block4,logreg,pose_hands,body_centred,2,76,24,258,0.9583333333333334,0.9583333333333334,0.9580419580419581,0.958041958041958,1.0,0.7975777375115778,0.992606734645195,4132,42427,0.016022700117900968,block 4 of each class
block_disjoint,block4,random_forest,upper_pose_hands,body_centred,0,76,24,226,1.0,1.0,1.0,1.0,1.0,0.8620194241710247,1.0,2140,302586,0.3727269000373781,block 4 of each class
block_disjoint,block4,random_forest,upper_pose_hands,body_centred,1,76,24,226,1.0,1.0,1.0,1.0,1.0,0.8620194241710247,1.0,2138,302385,0.35076779988594353,block 4 of each class
block_disjoint,block4,random_forest,upper_pose_hands,body_centred,2,76,24,226,1.0,1.0,1.0,1.0,1.0,0.8620194241710247,1.0,2122,300829,0.3580455998890102,block 4 of each class
block_disjoint,block4,svm_rbf,upper_pose_hands,body_centred,0,76,24,226,0.9583333333333334,0.9583333333333334,0.9580419580419581,0.958041958041958,0.9583333333333334,0.7975777375115778,0.992606734645195,-1,350259,0.011877800105139613,block 4 of each class
block_disjoint,block4,svm_rbf,upper_pose_hands,body_centred,1,76,24,226,0.9583333333333334,0.9583333333333334,0.9580419580419581,0.958041958041958,0.9583333333333334,0.7975777375115778,0.992606734645195,-1,350259,0.01148850005120039,block 4 of each class
block_disjoint,block4,svm_rbf,upper_pose_hands,body_centred,2,76,24,226,0.9583333333333334,0.9583333333333334,0.9580419580419581,0.958041958041958,0.9583333333333334,0.7975777375115778,0.992606734645195,-1,350259,0.010907800169661641,block 4 of each class
block_disjoint,block4,logreg,upper_pose_hands,body_centred,0,76,24,226,0.9583333333333334,0.9583333333333334,0.9580419580419581,0.958041958041958,1.0,0.7975777375115778,0.992606734645195,3620,37307,0.014503700193017721,block 4 of each class
block_disjoint,block4,logreg,upper_pose_hands,body_centred,1,76,24,226,0.9583333333333334,0.9583333333333334,0.9580419580419581,0.958041958041958,1.0,0.7975777375115778,0.992606734645195,3620,37307,0.014570800121873617,block 4 of each class
block_disjoint,block4,logreg,upper_pose_hands,body_centred,2,76,24,226,0.9583333333333334,0.9583333333333334,0.9580419580419581,0.958041958041958,1.0,0.7975777375115778,0.992606734645195,3620,37307,0.015041599981486797,block 4 of each class
block_disjoint,block4,random_forest,articulator_hands,body_centred,0,76,24,150,1.0,1.0,1.0,1.0,1.0,0.8620194241710247,1.0,2144,302973,0.36021199985407293,block 4 of each class
block_disjoint,block4,random_forest,articulator_hands,body_centred,1,76,24,150,1.0,1.0,1.0,1.0,1.0,0.8620194241710247,1.0,2154,303948,0.34373970003798604,block 4 of each class
block_disjoint,block4,random_forest,articulator_hands,body_centred,2,76,24,150,1.0,1.0,1.0,1.0,1.0,0.8620194241710247,1.0,2144,302974,0.3611268999520689,block 4 of each class
block_disjoint,block4,svm_rbf,articulator_hands,body_centred,0,76,24,150,0.9583333333333334,0.9583333333333334,0.9580419580419581,0.958041958041958,0.9583333333333334,0.7975777375115778,0.992606734645195,-1,194899,0.006747400155290961,block 4 of each class
block_disjoint,block4,svm_rbf,articulator_hands,body_centred,1,76,24,150,0.9583333333333334,0.9583333333333334,0.9580419580419581,0.958041958041958,0.9583333333333334,0.7975777375115778,0.992606734645195,-1,194899,0.006948299938812852,block 4 of each class
block_disjoint,block4,svm_rbf,articulator_hands,body_centred,2,76,24,150,0.9583333333333334,0.9583333333333334,0.9580419580419581,0.958041958041958,0.9583333333333334,0.7975777375115778,0.992606734645195,-1,194899,0.00678750011138618,block 4 of each class
block_disjoint,block4,logreg,articulator_hands,body_centred,0,76,24,150,0.9583333333333334,0.9583333333333334,0.9580419580419581,0.958041958041958,1.0,0.7975777375115778,0.992606734645195,2404,25147,0.013666599988937378,block 4 of each class
block_disjoint,block4,logreg,articulator_hands,body_centred,1,76,24,150,0.9583333333333334,0.9583333333333334,0.9580419580419581,0.958041958041958,1.0,0.7975777375115778,0.992606734645195,2404,25147,0.011940799886360765,block 4 of each class
block_disjoint,block4,logreg,articulator_hands,body_centred,2,76,24,150,0.9583333333333334,0.9583333333333334,0.9580419580419581,0.958041958041958,1.0,0.7975777375115778,0.992606734645195,2404,25147,0.011918299831449986,block 4 of each class
block_disjoint,block4,random_forest,hands,body_centred,0,76,24,126,1.0,1.0,1.0,1.0,1.0,0.8620194241710247,1.0,2158,304332,0.34241600008681417,block 4 of each class
block_disjoint,block4,random_forest,hands,body_centred,1,76,24,126,1.0,1.0,1.0,1.0,1.0,0.8620194241710247,1.0,2150,303558,0.3530629000160843,block 4 of each class
block_disjoint,block4,random_forest,hands,body_centred,2,76,24,126,1.0,1.0,1.0,1.0,1.0,0.8620194241710247,1.0,2164,304921,0.3447958000469953,block 4 of each class
block_disjoint,block4,svm_rbf,hands,body_centred,0,76,24,126,0.9583333333333334,0.9583333333333334,0.9580419580419581,0.958041958041958,0.9583333333333334,0.7975777375115778,0.992606734645195,-1,147939,0.005932200001552701,block 4 of each class
block_disjoint,block4,svm_rbf,hands,body_centred,1,76,24,126,0.9583333333333334,0.9583333333333334,0.9580419580419581,0.958041958041958,1.0,0.7975777375115778,0.992606734645195,-1,147939,0.005726599832996726,block 4 of each class
block_disjoint,block4,svm_rbf,hands,body_centred,2,76,24,126,0.9583333333333334,0.9583333333333334,0.9580419580419581,0.958041958041958,1.0,0.7975777375115778,0.992606734645195,-1,147939,0.005699599860236049,block 4 of each class
block_disjoint,block4,logreg,hands,body_centred,0,76,24,126,0.9583333333333334,0.9583333333333334,0.9580419580419581,0.958041958041958,1.0,0.7975777375115778,0.992606734645195,2020,21307,0.01210030005313456,block 4 of each class
block_disjoint,block4,logreg,hands,body_centred,1,76,24,126,0.9583333333333334,0.9583333333333334,0.9580419580419581,0.958041958041958,1.0,0.7975777375115778,0.992606734645195,2020,21307,0.011615399969741702,block 4 of each class
block_disjoint,block4,logreg,hands,body_centred,2,76,24,126,0.9583333333333334,0.9583333333333334,0.9580419580419581,0.958041958041958,1.0,0.7975777375115778,0.992606734645195,2020,21307,0.011192699894309044,block 4 of each class
block_disjoint,block4,random_forest,dominant_hand,body_centred,0,76,24,63,1.0,1.0,1.0,1.0,1.0,0.8620194241710247,1.0,2154,303338,0.3405461001675576,block 4 of each class
block_disjoint,block4,random_forest,dominant_hand,body_centred,1,76,24,63,1.0,1.0,1.0,1.0,1.0,0.8620194241710247,1.0,2136,301595,0.39247260009869933,block 4 of each class
block_disjoint,block4,random_forest,dominant_hand,body_centred,2,76,24,63,1.0,1.0,1.0,1.0,1.0,0.8620194241710247,1.0,2146,302565,0.3534184000454843,block 4 of each class
block_disjoint,block4,svm_rbf,dominant_hand,body_centred,0,76,24,63,1.0,1.0,1.0,1.0,1.0,0.8620194241710247,1.0,-1,71268,0.004777600057423115,block 4 of each class
block_disjoint,block4,svm_rbf,dominant_hand,body_centred,1,76,24,63,1.0,1.0,1.0,1.0,1.0,0.8620194241710247,1.0,-1,71268,0.004684200044721365,block 4 of each class
block_disjoint,block4,svm_rbf,dominant_hand,body_centred,2,76,24,63,1.0,1.0,1.0,1.0,1.0,0.8620194241710247,1.0,-1,71268,0.005745499860495329,block 4 of each class
block_disjoint,block4,logreg,dominant_hand,body_centred,0,76,24,63,1.0,1.0,1.0,1.0,1.0,0.8620194241710247,1.0,1012,11221,0.008114400086924434,block 4 of each class
block_disjoint,block4,logreg,dominant_hand,body_centred,1,76,24,63,1.0,1.0,1.0,1.0,1.0,0.8620194241710247,1.0,1012,11221,0.007561699952930212,block 4 of each class
block_disjoint,block4,logreg,dominant_hand,body_centred,2,76,24,63,1.0,1.0,1.0,1.0,1.0,0.8620194241710247,1.0,1012,11221,0.006578899919986725,block 4 of each class
block_disjoint,block4,random_forest,face,body_centred,0,76,24,1404,0.6666666666666666,0.6666666666666666,0.625,0.625,0.9583333333333334,0.4670595949408046,0.8202802131162036,2922,378366,0.4003035998903215,block 4 of each class
block_disjoint,block4,random_forest,face,body_centred,1,76,24,1404,0.6666666666666666,0.6666666666666666,0.625,0.625,1.0,0.4670595949408046,0.8202802131162036,2910,377214,0.39168809982948005,block 4 of each class
block_disjoint,block4,random_forest,face,body_centred,2,76,24,1404,0.6666666666666666,0.6666666666666666,0.625,0.625,0.8333333333333334,0.4670595949408046,0.8202802131162036,2912,377392,0.4145492999814451,block 4 of each class
block_disjoint,block4,svm_rbf,face,body_centred,0,76,24,1404,0.6666666666666666,0.6666666666666666,0.625,0.625,1.0,0.4670595949408046,0.8202802131162036,-1,2294544,0.061159800039604306,block 4 of each class
block_disjoint,block4,svm_rbf,face,body_centred,1,76,24,1404,0.6666666666666666,0.6666666666666666,0.625,0.625,1.0,0.4670595949408046,0.8202802131162036,-1,2294544,0.05740749998949468,block 4 of each class
block_disjoint,block4,svm_rbf,face,body_centred,2,76,24,1404,0.6666666666666666,0.6666666666666666,0.625,0.625,1.0,0.4670595949408046,0.8202802131162036,-1,2294544,0.057931800140067935,block 4 of each class
block_disjoint,block4,logreg,face,body_centred,0,76,24,1404,0.7083333333333334,0.7083333333333334,0.6309523809523809,0.6309523809523809,0.75,0.508319363412903,0.8508553966583573,22468,225805,0.10837229993194342,block 4 of each class
block_disjoint,block4,logreg,face,body_centred,1,76,24,1404,0.7083333333333334,0.7083333333333334,0.6309523809523809,0.6309523809523809,0.75,0.508319363412903,0.8508553966583573,22468,225805,0.11115619982592762,block 4 of each class
block_disjoint,block4,logreg,face,body_centred,2,76,24,1404,0.7083333333333334,0.7083333333333334,0.6309523809523809,0.6309523809523809,0.75,0.508319363412903,0.8508553966583573,22468,225805,0.11011840007267892,block 4 of each class
